Rk,Player,Position,Game,Games Started,Mins Played,Field Goals,Field Goal Attempts,Field Goal Percentage,3-Point Field Goals,3-Point Field Goal Attempts,3P%,2P,2PA,2P%,eFG%,FT,FTA,FT%,ORB,DRB,TRB,AST,STL,BLK,TOV,PF,Points,Awards
3,Nikola Jokić,C,70,70,36.7,11.2,19.5,0.576,2,4.7,0.417,9.3,14.8,0.627,0.627,5.2,6.4,0.8,2.9,9.9,12.7,6.4,1.7,1,2.4,2.2,32.7,"MVP-1,DPOY-10,CPOY-8,AS,NBA1"
15,Anthony Davis,C,51,51,33.5,9.2,17.8,0.516,0.7,2.4,0.282,8.5,15.4,0.553,0.536,5.6,7.2,0.775,2.6,8.9,11.6,6.5,0.9,1.2,3.1,2.3,30.4,"MVP-3,DPOY-8,AS,NBA1"
20,Karl-Anthony Towns,C,72,72,35,8.9,16.9,0.526,2,4.7,0.42,6.9,12.2,0.567,0.584,4.7,5.7,0.829,2.9,9.8,12.8,10.2,1.8,0.6,3.3,2.3,29.6,"MVP-2,CPOY-2,AS,NBA1"
21,Victor Wembanyama,C,46,46,33.2,8.9,18.6,0.476,3.1,8.8,0.352,5.8,9.9,0.586,0.559,3.4,4.1,0.836,1.8,9.2,11,7.7,1.8,0.4,3.6,2.5,28.2,
27,Joel Embiid,C,19,19,30.2,7.4,16.6,0.444,1.2,4.1,0.299,6.2,12.5,0.492,0.481,7.8,8.9,0.882,1.9,6.3,8.2,4.5,1.2,0.6,3.2,1.9,27.6,"MVP-7,CPOY-3,AS,NBA2"
35,Jaren Jackson Jr.,C,74,74,29.8,8,16.4,0.488,2,5.3,0.375,6,11.1,0.541,0.548,4.2,5.4,0.781,1.2,4.4,5.6,6,1.1,0.5,2.9,2.2,26.8,"MVP-4,CPOY-10,AS,NBA1"
51,Kristaps Porziņģis,C,42,42,28.8,6.6,13.7,0.483,2.5,6,0.412,4.1,7.7,0.537,0.572,3.8,4.7,0.809,1.6,5.1,6.8,4.2,0.8,1.2,3.1,1.7,26.6,AS
55,Domantas Sabonis,C,70,70,34.7,7.5,12.8,0.59,0.9,2.2,0.417,6.6,10.5,0.627,0.627,3.1,4.1,0.754,3.8,10.1,13.9,6.1,1.8,0.4,2.4,2.2,26.3,CPOY-10
56,Alperen Şengün,C,76,76,31.5,7.5,15,0.496,0.3,1.2,0.233,7.2,13.9,0.519,0.505,3.9,5.6,0.692,3.4,6.9,10.3,9.1,1,0.8,4.4,2.8,26.1,"MVP-7,AS,NBA3"
65,Nikola Vučević,C,73,72,31.2,7.5,14.2,0.53,1.8,4.4,0.402,5.8,9.8,0.587,0.592,1.6,2,0.805,2.4,7.6,10.1,7.3,0.9,0.1,2.5,2.1,26,"MVP-10,CPOY-1,AS,NBA2"
68,Bam Adebayo,C,78,78,34.3,6.9,14.3,0.485,1,2.8,0.357,5.9,11.4,0.517,0.521,3.2,4.2,0.765,2.4,7.2,9.6,4.8,0.8,0.6,3,2.1,25.9,
81,Ivica Zubac,C,80,80,32.8,7.4,11.8,0.628,0,0,,7.4,11.8,0.628,0.628,2,3,0.661,3.8,8.9,12.6,7.1,0.9,0.2,2.9,2.6,25.6,
89,Myles Turner,C,72,72,30.2,5.4,11.3,0.481,2.2,5.5,0.396,3.3,5.8,0.561,0.577,2.6,3.3,0.773,1.3,5.3,6.5,7.4,1.1,0.3,3.6,3.3,25.2,
93,Mark Williams,C,44,41,26.6,6.1,10.2,0.604,0,0.1,0,6.1,10.1,0.609,0.604,3,3.7,0.804,3,7.2,10.2,7.1,1.2,0.2,2.8,1.7,24.9,AS
95,Chet Holmgren,C,32,32,27.4,5.2,10.7,0.49,1.4,3.6,0.379,3.8,7,0.547,0.554,3.2,4.2,0.754,1.5,6.5,8,3.5,1.2,2.2,2.2,1.9,24.7,AS
102,Jakob Poeltl,C,57,56,29.6,6.4,10.2,0.627,0,0.1,0.333,6.4,10.1,0.628,0.628,1.7,2.5,0.674,3.3,6.3,9.6,4.6,1.3,0.5,2.2,2,24.7,"CPOY-10,AS"
103,Deandre Ayton,C,40,40,30.2,6.6,11.7,0.566,0.2,0.8,0.188,6.5,10.9,0.594,0.573,1,1.5,0.667,3.1,7.1,10.2,5.3,1.2,0.9,3,2.7,24.6,
107,Naz Reid,C,80,17,27.5,5.3,11.5,0.462,2.2,5.8,0.379,3.1,5.8,0.544,0.556,1.4,1.8,0.776,1.2,4.9,6,6,1.1,0.4,2.9,1.4,24.5,"MVP-9,CPOY-5,AS,NBA2"
118,Jarrett Allen,C,82,82,28,5.5,7.8,0.706,0,0.1,0,5.5,7.7,0.712,0.706,2.4,3.4,0.718,2.6,7.1,9.7,8.2,1,0.6,3.7,1.4,24.4,"MVP-6,CPOY-7,AS,NBA2"
119,Onyeka Okongwu,C,74,40,27.9,5.2,9.2,0.567,0.6,2,0.324,4.6,7.2,0.634,0.602,2.2,2.9,0.759,3,5.9,8.9,3.1,1,0.7,2.7,3.5,24.4,"AS,NBA3"
124,Brook Lopez,C,80,80,31.8,4.9,9.7,0.509,1.7,4.7,0.373,3.2,5,0.636,0.599,1.4,1.7,0.826,1.4,3.6,5,3.7,1.1,3.8,3.2,2.3,24.3,AS
125,Alex Sarr,C,67,67,27.1,4.9,12.4,0.394,1.6,5.1,0.308,3.3,7.3,0.454,0.457,1.7,2.5,0.679,1.9,4.6,6.5,4.7,1.3,0.4,2.3,2.5,24.2,
126,Moritz Wagner,C,30,1,18.8,4.7,8.3,0.562,0.9,2.5,0.36,3.8,5.8,0.649,0.616,2.6,3.7,0.718,1.3,3.6,4.9,11.6,1.2,0.2,4.7,1.9,24.2,"CPOY-4,AS"
139,Daniel Gafford,C,57,31,21.5,5,7.1,0.702,0,0,,5,7.1,0.702,0.702,2.4,3.4,0.689,2.7,4.1,6.8,5,1.3,0.2,2.1,2,24,"MVP-5,CPOY-9,AS,NBA1"
145,Rudy Gobert,C,72,72,33.2,4.7,7.1,0.669,0,0,,4.7,7.1,0.669,0.669,2.6,3.8,0.674,3.7,7.2,10.9,3.8,0.6,0.1,2.5,1.8,24,
149,Jalen Duren,C,78,78,26.1,4.8,7,0.692,0,0,,4.8,7,0.692,0.692,2.1,3.1,0.669,3.6,6.8,10.3,5.5,0.9,0.2,2.6,1.1,23.9,AS
155,Isaiah Hartenstein,C,57,53,27.9,4.9,8.4,0.581,0,0.3,0,4.9,8.1,0.605,0.581,1.4,2.1,0.675,2.9,7.9,10.7,4.5,0.7,0.9,3.3,2.2,23.8,
158,Walker Kessler,C,58,58,30,4.8,7.2,0.663,0.1,0.6,0.176,4.7,6.6,0.706,0.671,1.4,2.6,0.52,4.6,7.6,12.2,6.3,1.5,0.4,2.8,2.6,23.5,
163,Guerschon Yabusele,C,70,43,27.1,4,8,0.501,1.5,3.9,0.38,2.5,4.1,0.616,0.593,1.4,2,0.725,1.9,3.7,5.6,4.2,0.8,0.2,2.8,1.6,23.3,
173,Jonas Valančiūnas,C,81,21,18.8,4.3,7.7,0.55,0.1,0.5,0.216,4.2,7.3,0.571,0.557,1.8,2,0.879,2.3,5.4,7.7,7.3,1.2,0.2,3.7,2.3,23.2,
179,Nic Claxton,C,70,62,26.9,4.6,8.1,0.563,0.1,0.3,0.238,4.5,7.8,0.576,0.568,1.1,2.2,0.513,2.2,5.1,7.4,8.7,1.5,0.7,4.3,2.1,22.8,"MVP-10,AS,NBA3"
202,Kyle Filipowski,C,72,27,21.1,3.6,7.2,0.502,1.1,3.1,0.35,2.5,4.1,0.614,0.576,1.3,2,0.65,1.6,4.6,6.1,4.5,1.2,0.3,2.6,2.4,22.2,AS
210,Tristan Vukcevic,C,35,1,14.7,3.4,6.9,0.496,1.1,2.9,0.373,2.3,4,0.586,0.574,1.5,1.9,0.776,0.7,3,3.7,4.4,0.8,0.4,1.4,1.9,22.2,
212,Nick Richards,C,57,43,22,3.6,6.1,0.591,0,0,0,3.6,6.1,0.594,0.591,2.1,2.8,0.744,2.6,5.6,8.2,5.2,0.9,0.6,3.8,2.5,22.2,
213,Kel'el Ware,C,64,36,22.2,4,7.3,0.554,0.5,1.7,0.315,3.5,5.5,0.629,0.592,0.7,1,0.687,1.8,5.6,7.4,2,1.2,1.5,2.1,3.5,22.2,"DPOY-7,AS,DEF2"
214,Zach Edey,C,66,55,21.5,3.8,6.6,0.58,0.3,0.8,0.346,3.5,5.8,0.612,0.6,1.4,1.9,0.709,3.5,4.8,8.3,2.1,1.2,0.2,1.8,1.9,21.8,
215,Wendell Carter Jr.,C,68,51,25.9,3.3,7.2,0.46,0.5,2.3,0.234,2.8,4.9,0.568,0.498,1.9,2.6,0.737,2.2,5,7.2,5.1,1.6,0.7,2.2,2.3,21.6,"AS,NBA3,DEF2"
220,Yves Missi,C,73,67,26.8,3.7,6.7,0.547,0,0,0,3.7,6.7,0.548,0.547,1.7,2.8,0.623,3.5,4.7,8.2,3.1,1.6,0.5,1.9,1.5,21.5,
226,Al Horford,C,60,42,27.7,3.3,7.7,0.423,1.9,5.2,0.363,1.4,2.5,0.551,0.547,0.6,0.6,0.895,1.3,4.8,6.2,6,1.4,0.5,2.1,1.9,21.4,
229,Jusuf Nurkić,C,51,32,20.8,3.3,6.9,0.477,0.6,2.1,0.305,2.7,4.8,0.551,0.523,1.7,2.5,0.664,1.7,6.1,7.8,3.5,1.1,0.7,1.9,2.1,21.2,
230,Clint Capela,C,55,41,21.4,4,7.1,0.559,0,0,0,4,7.1,0.56,0.559,0.9,1.8,0.536,3.2,5.4,8.5,5.4,0.8,0.3,2.8,2.4,21.1,
236,Kelly Olynyk,C,44,22,20.3,3,6.1,0.5,0.8,1.8,0.418,2.3,4.3,0.534,0.562,1.9,2.5,0.769,1.4,3.3,4.7,4.1,0.8,0.4,1.9,2.2,21.1,
244,Dereck Lively II,C,36,29,23.1,3.7,5.3,0.702,0,0,,3.7,5.3,0.702,0.702,1.3,2,0.63,2.9,4.6,7.5,3.4,0.9,0.3,2.5,1.5,21,
261,Jalen Smith,C,64,2,15,3,6.4,0.466,1.1,3.5,0.324,1.8,2.9,0.634,0.554,1.1,1.4,0.809,1.4,4.2,5.6,3.6,1.1,0.7,2.8,2.7,21,
267,Day'Ron Sharpe,C,50,2,18.1,3.3,6.3,0.521,0.2,0.9,0.244,3.1,5.4,0.566,0.538,1.1,1.5,0.757,3,3.6,6.6,6.7,1.2,0.1,2.5,1.9,20.6,"CPOY-6,AS"
273,Oscar Tshiebwe,C,14,1,18.2,3,5,0.6,0,0,,3,5,0.6,0.6,1.6,2.2,0.742,3.3,5.4,8.7,4.5,1.3,0.4,3,3,20.5,
282,Andre Drummond,C,40,23,18.8,2.9,5.9,0.5,0.1,0.5,0.15,2.9,5.4,0.533,0.506,1.4,2.3,0.622,2.7,5,7.8,4.5,0.9,0.2,2.4,2.1,20.4,
284,Goga Bitadze,C,70,42,20.4,3,4.8,0.611,0,0.4,0.107,2.9,4.4,0.656,0.615,1.2,1.9,0.639,2.4,4.2,6.6,3.9,0.7,0.7,2.1,1.5,20.3,
298,Isaiah Jackson,C,5,1,16.8,2.8,4.6,0.609,0,0,,2.8,4.6,0.609,0.609,1.4,2.8,0.5,2.2,3.4,5.6,5.8,1.1,0.3,2.4,2.1,20.2,
300,Orlando Robinson,C,44,8,17.5,2.6,5.9,0.444,0.4,1.2,0.327,2.3,4.8,0.474,0.477,1.2,1.6,0.771,2,3,5,3.4,0.9,0.5,1.4,2.4,20.2,AS
303,Jay Huff,C,64,2,11.7,2.5,4.8,0.515,1.3,3.1,0.405,1.2,1.6,0.724,0.648,0.7,0.9,0.786,0.5,1.5,2,2.1,0.7,1.5,1.3,2.8,19.5,
309,Jaxson Hayes,C,56,35,19.5,2.9,4,0.722,0,0.1,0,2.9,3.9,0.732,0.722,1.1,1.8,0.622,1.4,3.4,4.8,5.8,1.4,1,2.8,1.7,19.3,
314,Precious Achiuwa,C,57,10,20.5,2.9,5.7,0.502,0.2,0.6,0.278,2.7,5.1,0.529,0.517,0.7,1.2,0.594,1.8,3.8,5.6,4.8,0.9,0.1,2,1.7,19.3,
315,Trayce Jackson-Davis,C,62,37,15.6,2.8,4.9,0.576,0,0,0,2.8,4.8,0.582,0.576,1,1.6,0.578,2,3,5,5.3,1.2,0.4,2.4,2.4,19.2,
318,Thomas Bryant,C,66,8,14.6,2.5,4.9,0.508,0.7,2.2,0.324,1.7,2.6,0.665,0.583,0.8,1,0.859,1.3,2.5,3.8,6,0.7,0.4,2.9,3.3,19.1,
319,Donovan Clingan,C,67,37,19.8,2.7,5,0.539,0.2,0.7,0.286,2.5,4.3,0.582,0.56,0.9,1.6,0.596,3.2,4.6,7.9,4.9,1.1,0.8,2.6,2.8,19.1,AS
340,N'Faly Dante,C,4,0,12.8,2.5,3.3,0.769,0,0,,2.5,3.3,0.769,0.769,1,1.3,0.8,1.5,3.8,5.3,2,1,1,2.6,2.9,19,
342,Luke Kornet,C,73,16,18.6,2.6,3.8,0.668,0,0,0,2.6,3.8,0.675,0.668,0.9,1.3,0.691,2.6,2.7,5.3,1.5,0.7,0.4,1.4,1.7,19,
344,Isaiah Stewart,C,72,4,19.9,2.4,4.4,0.559,0.2,0.7,0.321,2.2,3.6,0.607,0.586,0.9,1.2,0.759,1.8,3.7,5.5,5,1.6,1,2.9,1.9,18.9,
345,James Wiseman,C,1,0,5,2,4,0.5,0,1,0,2,3,0.667,0.5,2,2,1,0,1,1,3.4,0.9,0.4,1.7,1.8,18.8,
354,Moses Brown,C,13,2,9.2,2.6,3.8,0.694,0,0,,2.6,3.8,0.694,0.694,0.6,0.8,0.727,0.9,2.5,3.4,4.7,0.7,0.2,2.8,2.5,18.7,
355,Adem Bona,C,58,11,15.6,2.3,3.3,0.703,0,0,0,2.3,3.3,0.707,0.703,1.2,1.7,0.67,1.6,2.6,4.2,9.2,1.4,0.7,1.6,1.3,18.6,NBA3
357,Robert Williams,C,20,3,17.6,2.5,3.9,0.641,0.1,0.2,0.333,2.5,3.8,0.653,0.647,0.8,0.9,0.882,1.8,4.2,5.9,3.2,0.9,1.6,2,2,18.5,"MVP-10,DPOY-1,AS,NBA2,DEF1"
358,Moussa Diabaté,C,71,8,17.5,2.4,3.9,0.596,0,0.1,0,2.4,3.9,0.609,0.596,1,1.6,0.595,2.6,3.5,6.2,2.8,0.9,0.2,2.1,1.7,18.5,
377,Bismack Biyombo,C,28,26,18.9,2.4,4.1,0.588,0,0,,2.4,4.1,0.588,0.588,0.4,0.9,0.4,1.5,4.1,5.6,3.5,0.8,0.7,1.6,2.2,18.5,
378,Mitchell Robinson,C,17,3,17.1,2.2,3.3,0.661,0,0,,2.2,3.3,0.661,0.661,0.8,1.1,0.684,3.1,2.9,5.9,4.2,0.7,0.1,2.5,2.3,18.4,
379,Kai Jones,C,40,6,11.7,2.2,2.7,0.798,0,0.1,0.2,2.2,2.6,0.827,0.803,0.6,0.8,0.719,1,2.1,3.1,2.1,0.6,0.5,1.4,2,18.2,
382,Neemias Queta,C,62,6,13.9,2.1,3.3,0.65,0,0,0,2.1,3.2,0.66,0.65,0.7,1,0.754,1.4,2.4,3.8,4.3,1.3,0.7,2.1,2.1,18.1,DPOY-10
387,Jock Landale,C,42,3,11.9,1.9,3.6,0.533,0.3,0.6,0.423,1.7,3,0.556,0.569,0.6,1,0.675,1.3,1.9,3.3,2.6,1,0.8,1.7,1.7,18,
388,Colin Castleton,C,26,4,16.6,1.8,3.8,0.469,0.1,0.6,0.125,1.7,3.2,0.537,0.48,1.1,1.5,0.763,2,2.7,4.7,2.2,1.5,0.9,1.4,2.3,18,
391,Drew Eubanks,C,61,4,12.2,1.9,3.2,0.593,0,0.1,0.5,1.8,3.1,0.596,0.601,0.8,1.2,0.662,1,2.7,3.7,3.7,0.9,0.5,1.6,1.5,17.6,
397,Kevon Looney,C,76,6,15,1.9,3.7,0.514,0,0.1,0.4,1.9,3.6,0.516,0.518,0.7,1.3,0.566,2.4,3.6,6.1,4,0.9,0.4,3,2.2,17.6,
398,Mason Plumlee,C,74,21,17.6,1.7,2.7,0.619,0,0.1,0,1.7,2.7,0.631,0.619,1.1,1.7,0.648,1.6,4.6,6.1,5.4,1.4,0.3,1.3,0.9,17.5,
401,Charles Bassey,C,36,1,10.4,1.9,3.3,0.581,0,0,,1.9,3.3,0.581,0.581,0.6,0.9,0.636,1.6,2.7,4.2,7.4,2,0.4,3.4,2,17.5,
402,Tony Bradley,C,14,0,8.1,2.1,3.2,0.644,0.1,0.2,0.333,2,3,0.667,0.656,0.1,0.4,0.333,1.3,1.7,3,5.6,0.9,0.6,2.4,2.4,17.2,
406,Mo Bamba,C,32,2,12.9,1.6,3.5,0.464,0.5,1.7,0.278,1.2,1.8,0.638,0.531,0.6,0.8,0.704,1,3.5,4.5,5.8,0.7,0.1,1.8,1.8,17.1,
408,Micah Potter,C,38,10,18.6,1.5,3.6,0.422,0.8,2.6,0.316,0.7,1,0.703,0.537,0.4,0.5,0.85,1.1,3.2,4.3,1.4,0.8,0.2,1.3,2.4,17,6MOY-4
410,Daniel Theis,C,38,9,16.3,1.6,3.4,0.473,0.2,1,0.243,1.4,2.4,0.565,0.508,0.8,1,0.838,1.2,3.2,4.3,3.7,1.1,0.5,1.9,2.6,17,
417,Duop Reath,C,46,0,10.2,1.5,3.6,0.422,0.7,2.3,0.321,0.8,1.3,0.6,0.524,0.4,0.5,0.909,1,1,2,3.9,1,0.5,2.7,2.4,16.9,
424,Paul Reed,C,45,0,9.7,1.6,3.2,0.507,0.2,0.6,0.286,1.4,2.5,0.561,0.535,0.7,0.9,0.762,0.9,1.8,2.7,5.6,0.7,0.1,2.7,1.7,16.8,
432,Steven Adams,C,58,3,13.7,1.6,2.9,0.545,0,0,0,1.6,2.8,0.552,0.545,0.7,1.6,0.462,2.9,2.8,5.6,2.7,0.7,1.1,1.6,2.1,16.8,"DPOY-6,DEF2"
436,Branden Carlson,C,32,0,7.7,1.3,3,0.443,0.7,2.1,0.333,0.7,1,0.677,0.557,0.4,0.6,0.778,0.5,1.2,1.7,4.8,0.9,1.1,1.7,1.8,16.4,DPOY-10
438,Ousmane Dieng,C,37,1,10.9,1.5,3.4,0.432,0.6,1.9,0.324,0.8,1.5,0.574,0.524,0.3,0.4,0.688,0.5,1.7,2.2,1.7,0.9,0.1,1,1.5,16.3,6MOY-2
441,DeAndre Jordan,C,56,5,12.3,1.6,2.5,0.65,0,0,,1.6,2.5,0.65,0.65,0.5,1.1,0.422,1.5,3.6,5.1,2.9,1.3,0.5,1.4,1.7,16.3,
450,Luka Garza,C,39,0,5.6,1.3,2.7,0.495,0.3,0.9,0.278,1.1,1.8,0.609,0.543,0.6,0.9,0.686,0.8,0.6,1.4,3.7,0.8,0.2,2.3,1.4,16.2,
453,Dario Šarić,C,16,4,13.1,1.3,3.6,0.362,0.4,1.6,0.269,0.9,2,0.438,0.422,0.4,0.6,0.7,0.9,2.3,3.1,4.3,1.8,0.5,2.6,2.5,16.2,
455,Bruno Fernando,C,17,2,8.6,1.5,2.9,0.531,0,0,,1.5,2.9,0.531,0.531,0.4,0.5,0.75,1.2,1.8,3,3.7,1.5,0.9,2.9,2.8,16.2,
465,Kylor Kelley,C,11,2,11.5,1.3,2,0.636,0,0,,1.3,2,0.636,0.636,0.5,0.9,0.6,1.1,2.5,3.5,1.9,0.7,0.3,1.9,2.3,16.1,
471,Pete Nance,C,13,1,10.6,1.1,2.5,0.438,0.7,1.8,0.375,0.4,0.6,0.625,0.578,0.1,0.2,0.5,0.4,1.2,1.6,1.5,0.8,2,1.7,2.5,15.6,
473,Taj Gibson,C,37,11,11.1,1.3,2.6,0.495,0,0.1,0.5,1.2,2.5,0.495,0.5,0.3,0.5,0.6,1.4,1.9,3.2,2.6,1.1,0.5,1,2.2,15.4,
483,Trey Jemison,C,38,0,10.3,1.1,1.9,0.554,0,0,,1.1,1.9,0.554,0.554,0.3,0.9,0.394,1.2,1.6,2.8,2.2,0.8,0.4,1.5,1.9,15.3,
488,Christian Koloko,C,37,0,9.2,1.1,1.8,0.606,0,0.1,0,1.1,1.7,0.645,0.606,0.3,0.4,0.714,0.9,1.5,2.5,2.6,0.7,0,1.6,1.6,15.3,ROY-7
502,Dwight Powell,C,55,3,10,0.8,1.1,0.69,0,0.1,0.4,0.7,1,0.71,0.71,0.5,0.8,0.65,0.9,1.3,2.1,2.5,0.7,1.2,1.6,2.4,15.3,
505,Adama Sanogo,C,4,0,5.3,1,1.8,0.57,0,0,,1,1.8,0.57,0.57,0,0,,1.3,0.3,1.5,1.8,1.5,0.5,1.3,3,15.1,
507,Ariel Hukporti,C,25,1,8.7,0.8,1.2,0.68,0,0,,0.8,1.2,0.68,0.68,0.2,0.5,0.46,0.6,1.5,2,2,0.7,2.2,1.8,2.3,15,
510,Jericho Sims,C,53,5,12,0.8,1.3,0.63,0,0,,0.8,1.3,0.63,0.63,0.2,0.2,0.62,1.3,2.4,3.7,2.3,0.6,0.3,2.2,1.8,14.8,
518,PJ Hall,C,19,0,3.5,0.7,1.3,0.58,0.1,0.4,0.25,0.6,0.8,0.75,0.63,0.2,0.2,0.75,0.3,0.8,1.2,4.1,0.9,0.3,2.2,2,14.7,ROY-1
520,Tristan Thompson,C,40,0,8.2,0.8,1.8,0.44,0,0.1,0,0.8,1.7,0.46,0.44,0.2,0.8,0.23,0.8,2.6,3.4,3.2,0.5,0.3,1.4,1.6,14.7,
521,Alex Len,C,46,7,8.3,0.7,1.4,0.51,0,0.2,0.22,0.7,1.2,0.56,0.52,0.2,0.4,0.47,0.8,1.2,2.1,2.3,1.1,1.1,2.1,2.3,14.7,
544,Xavier Tillman Sr.,C,33,2,7,0.4,1.6,0.25,0.2,1,0.16,0.2,0.6,0.38,0.29,0.1,0.1,0.75,0.3,1,1.3,3,1,0.3,1.9,1.8,14.6,
555,Liam Robbins,C,13,0,4.4,0.2,0.6,0.25,0,0.2,0,0.2,0.5,0.33,0.25,0.4,0.8,0.5,0.5,0.4,0.9,7.2,1.2,0.6,2.9,1.7,14.6,
562,Jesse Edwards,C,2,0,2.5,0,0,,0,0,,0,0,,,0,0,,0,0,0,2.8,1.2,1.2,1.9,3.1,14.5,
566,Jahlil Okafor,C,1,0,3,0,0,,0,0,,0,0,,,0,0,,0,1,1,1.6,0.8,1,1.7,2.2,14.4,
2,Giannis Antetokounmpo,PF,67,67,34.2,11.8,19.7,0.601,0.2,0.9,0.222,11.6,18.7,0.62,0.607,6.5,10.6,0.617,2.2,9.7,11.9,1.8,0.9,0.2,1.5,2.2,14.4,
6,Jayson Tatum,PF,72,72,36.4,9.2,20.3,0.452,3.5,10.1,0.343,5.7,10.2,0.559,0.537,5,6.1,0.814,0.7,8,8.7,2.1,0.9,1,1.4,2.3,14.4,
7,Kevin Durant,PF,62,62,36.5,9.5,18.1,0.527,2.6,6,0.43,7,12.1,0.574,0.598,4.9,5.8,0.839,0.4,5.7,6,3.5,0.9,0.2,1,1.5,14.3,6MOY-1
11,Paolo Banchero,PF,46,46,34.4,9,19.8,0.452,1.9,5.9,0.32,7.1,13.9,0.509,0.5,6.1,8.4,0.727,1.1,6.4,7.5,2.3,0.7,0.9,1.4,2.4,14.2,6MOY-5
17,Zion Williamson,PF,30,30,28.6,9.6,16.9,0.567,0.1,0.4,0.231,9.5,16.5,0.576,0.57,5.3,8,0.656,2.5,4.7,7.2,4.4,3,0.7,2,2.3,14.1,"DPOY-2,MIP-1,DEF1"
48,Miles Bridges,PF,64,64,31.7,7.3,17,0.431,2.2,7,0.313,5.1,10,0.513,0.495,3.5,4,0.87,1.1,6.4,7.5,3,0.5,0.3,1.9,1.8,14.1,
50,Pascal Siakam,PF,78,78,32.7,7.9,15.2,0.519,1.6,4.2,0.389,6.2,11,0.568,0.572,2.9,3.9,0.734,1.7,5.2,6.9,3.8,1.4,1.3,2,2.4,14.1,"DPOY-5,DEF1"
52,Scottie Barnes,PF,65,65,32.8,7.3,16.4,0.446,1.2,4.3,0.271,6.1,12,0.508,0.482,3.5,4.6,0.755,1.7,6,7.7,5.6,1.6,0.4,1.5,2.3,14.1,
57,John Collins,PF,40,31,30.5,7,13.3,0.527,1.5,3.7,0.399,5.5,9.6,0.577,0.583,3.5,4.1,0.848,2.2,6,8.2,1.7,0.8,0.2,1,3.2,14,
58,Lauri Markkanen,PF,47,47,31.4,6.3,14.9,0.423,2.9,8.5,0.346,3.4,6.4,0.525,0.521,3.4,3.9,0.876,1.5,4.4,5.9,0,0,0,2,3,14,
60,Cameron Johnson,PF,57,57,31.6,6.2,13.1,0.475,2.8,7.2,0.39,3.4,5.9,0.578,0.582,3.5,3.9,0.893,0.9,3.4,4.3,2,0.7,0.4,1.2,1.1,14,
61,Julius Randle,PF,69,69,32.3,6.6,13.6,0.485,1.6,4.6,0.344,5,9.1,0.555,0.542,3.9,4.9,0.806,2.1,5,7.1,2.1,0.7,0.5,1.2,1.9,13.9,
63,Evan Mobley,PF,71,71,30.5,7.1,12.8,0.557,1.2,3.2,0.37,5.9,9.5,0.621,0.604,3.1,4.3,0.725,2.3,7,9.3,2.2,1,0.8,1.2,1.9,13.7,
70,OG Anunoby,PF,74,74,36.6,6.6,13.9,0.476,2.3,6.2,0.372,4.3,7.7,0.561,0.559,2.5,3.1,0.81,1.3,3.5,4.8,5.9,1.5,0.4,2.1,2.6,13.6,
86,Paul George,PF,41,41,32.5,6,13.9,0.43,2.3,6.5,0.358,3.6,7.4,0.493,0.514,1.9,2.4,0.814,0.6,4.8,5.3,1.9,0.9,0.9,1.2,1.5,13.5,
91,Jonathan Kuminga,PF,47,10,24.3,5.5,12.1,0.454,1,3.2,0.305,4.5,8.9,0.508,0.495,3.3,5,0.668,1.2,3.4,4.6,2.3,0.9,0.9,1.2,2.6,13.4,
96,Kyle Kuzma,PF,65,62,29.8,5.7,13,0.436,1.5,4.8,0.307,4.2,8.2,0.512,0.493,2,3.1,0.634,0.8,4.9,5.7,6.1,1.4,0.5,3.2,2.5,13.3,6MOY-7
98,Aaron Gordon,PF,51,42,28.4,5.2,9.7,0.531,1.5,3.4,0.436,3.7,6.4,0.582,0.607,2.8,3.5,0.81,1.6,3.3,4.8,3,1,0.2,1.6,1.6,13.2,
99,P.J. Washington,PF,57,56,32.2,5.3,11.7,0.453,1.6,4.2,0.381,3.7,7.5,0.493,0.521,2.5,3.5,0.722,1.4,6.3,7.8,5.4,0.9,0.2,1.9,2.4,13.1,
105,Jerami Grant,PF,47,47,32.4,4.6,12.2,0.373,2.3,6.3,0.365,2.3,5.9,0.381,0.467,3,3.5,0.849,0.6,2.9,3.5,1.4,0.8,0.4,0.8,1.8,13.1,
113,Tolu Smith,PF,1,0,22,6,9,0.667,0,0,,6,9,0.667,0.667,2,3,0.667,4,4,8,1.8,0.6,1.9,1.1,2.1,13,
115,Bobby Portis,PF,49,7,25.4,5.7,12.1,0.466,1.3,3.6,0.365,4.3,8.5,0.508,0.52,1.2,1.5,0.836,1.8,6.6,8.4,2.4,0.7,1.5,1.7,2.2,13,ROY-4
116,Tobias Harris,PF,73,73,31.6,5.3,11,0.477,1.2,3.6,0.345,4,7.4,0.542,0.534,2,2.3,0.861,0.9,5,5.9,1.4,0.8,0.4,1.6,1.8,12.9,
123,Rui Hachimura,PF,59,57,31.7,5,9.8,0.509,1.7,4.2,0.413,3.2,5.6,0.581,0.597,1.5,1.9,0.77,1.3,3.7,5,4.1,0.5,0.2,1.6,1.3,12.7,
132,Santi Aldama,PF,65,16,25.5,4.8,10,0.483,1.8,5,0.368,3,5,0.599,0.576,1,1.4,0.691,1.4,5,6.4,5.1,1,0.2,2.7,2.7,12.7,
134,Keegan Murray,PF,76,76,34.3,4.8,10.8,0.444,2,5.9,0.343,2.8,4.9,0.566,0.538,0.8,0.9,0.833,1.9,4.8,6.7,1.6,0.6,0.3,1,1.5,12.7,
136,Harrison Barnes,PF,82,82,27.2,4.2,8.3,0.508,1.9,4.4,0.433,2.3,3.9,0.591,0.622,2,2.4,0.809,1.2,2.6,3.8,5.1,1,0.4,1.9,2,12.6,
140,Jaden McDaniels,PF,82,82,31.9,4.9,10.2,0.477,1.2,3.7,0.33,3.6,6.5,0.561,0.537,1.3,1.6,0.813,1.6,4.2,5.7,1.2,0.7,0.5,1.2,2,12.6,ROY-2
141,Jabari Smith Jr.,PF,57,39,30.1,4.4,9.9,0.438,1.7,4.9,0.354,2.6,5.1,0.519,0.525,1.8,2.2,0.825,1.8,5.2,7,2.9,0.8,0.4,1.1,1.2,12.5,
143,Drew Timme,PF,9,2,28.2,5,11.3,0.441,1,3.9,0.257,4,7.4,0.537,0.485,1.1,1.8,0.625,1.9,5.3,7.2,3.4,1.1,0,1.3,1.5,12.5,6MOY-3
144,Tari Eason,PF,57,16,24.9,4.8,9.8,0.487,1.1,3.2,0.342,3.7,6.6,0.557,0.543,1.4,1.8,0.76,2.2,4.1,6.4,1.4,0.8,0.9,0.8,2.4,12.4,
153,Jeremy Sochan,PF,54,23,25.3,4.6,8.7,0.535,0.5,1.7,0.308,4.1,7,0.59,0.565,1.6,2.3,0.696,2.4,4.2,6.5,2.5,0.5,0.3,1.3,1.4,12.4,
154,Toumani Camara,PF,78,78,32.7,4.2,9.2,0.458,1.7,4.6,0.375,2.5,4.6,0.542,0.552,1.2,1.6,0.722,2.2,3.6,5.8,1.7,0.5,0.2,0.6,0.9,12.3,
168,Nikola Jović,PF,46,10,25.1,3.7,8.2,0.456,1.7,4.6,0.371,2,3.6,0.563,0.56,1.6,1.9,0.828,0.6,3.3,3.9,3.4,1.3,0.7,2.1,2.4,12.3,
172,Obi Toppin,PF,79,4,19.6,4,7.6,0.529,1.4,3.8,0.365,2.6,3.8,0.695,0.621,1.1,1.4,0.781,0.7,3.3,4,4.5,0.9,0.4,1.5,2.3,12.3,
176,Grant Williams,PF,16,7,29.9,3.4,7.7,0.439,1.7,4.6,0.365,1.7,3.1,0.551,0.549,1.9,2.3,0.838,1.1,4,5.1,1.4,0.4,1.8,1.2,2.7,12.3,
184,Trendon Watford,PF,44,6,20.8,3.7,8,0.469,0.7,2,0.33,3.1,6,0.515,0.51,2.1,2.8,0.762,0.8,2.8,3.6,2,1.3,0.9,1.2,2.7,12.2,
190,Chris Boucher,PF,50,0,17.2,3.6,7.4,0.492,1.4,3.9,0.363,2.2,3.5,0.633,0.586,1.4,1.7,0.782,1.4,3.1,4.5,1.1,0.4,0.7,1.1,2.2,12.2,
194,Georges Niang,PF,79,3,21.5,3.6,7.8,0.461,2.1,5.2,0.406,1.5,2.7,0.569,0.595,0.6,0.7,0.793,0.6,2.8,3.4,3.4,0.9,0.5,1.2,1.5,12.1,
205,Jalen Wilson,PF,79,22,25.7,3.1,7.8,0.397,1.5,4.6,0.337,1.6,3.3,0.481,0.495,1.7,2.1,0.818,0.9,2.5,3.4,2.2,0.4,0.1,1.7,2.3,12.1,
216,Noah Clowney,PF,46,20,22.7,2.9,8.1,0.358,1.9,5.7,0.333,1,2.4,0.414,0.474,1.5,1.7,0.838,0.9,3,3.9,1.5,1.7,0.9,1.1,2.4,12,
224,Draymond Green,PF,68,66,29.2,3.2,7.5,0.424,1.2,3.6,0.325,2,3.9,0.517,0.503,1.5,2.2,0.687,1.1,5,6.1,1.8,0.8,1.4,1.2,2.5,12,"DPOY-13,DEF2"
228,Patrick Williams,PF,63,36,25,3.3,8.2,0.397,1.5,4.3,0.353,1.7,3.9,0.447,0.49,1,1.3,0.723,0.7,3.1,3.8,1.2,0.8,0.4,0.8,2.5,12,
237,Dorian Finney-Smith,PF,63,40,28.9,3.1,6.9,0.448,2,5,0.411,1,1.9,0.545,0.597,0.5,0.7,0.667,1.3,2.7,3.9,1.8,0.8,0.2,0.9,1.3,12,
249,Sam Hauser,PF,71,19,21.7,3,6.7,0.451,2.3,5.6,0.416,0.7,1.1,0.64,0.627,0.2,0.2,1,0.6,2.5,3.2,4.1,0.9,0.2,1.5,2,11.9,
250,Larry Nance Jr.,PF,24,3,19.3,3.3,6.5,0.516,1.4,3.2,0.447,1.9,3.3,0.582,0.626,0.4,0.5,0.692,1,3.3,4.3,2.7,0.7,1.1,1.7,3.2,11.8,
256,Brandon Clarke,PF,64,18,18.9,3.7,5.9,0.621,0,0.3,0.059,3.7,5.7,0.647,0.622,1,1.4,0.701,2,3.1,5.1,3.6,1.2,0.3,1.6,1.8,11.7,
262,Quinten Post,PF,42,14,16.3,2.9,6.5,0.449,1.7,4.3,0.408,1.2,2.3,0.526,0.582,0.5,0.6,0.778,0.8,2.7,3.5,3.4,1.1,0.2,1.2,1.5,11.7,
270,Karlo Matković,PF,42,7,18.8,3.2,5.6,0.574,0.5,1.6,0.318,2.7,4,0.675,0.619,0.8,1,0.773,1.5,3.5,5,1.7,0.4,0.2,1,1.6,11.6,
278,Richaun Holmes,PF,31,7,17.2,2.9,4.5,0.647,0,0.1,0,2.9,4.4,0.662,0.647,1.6,1.9,0.833,2,3.7,5.7,2.4,0.8,0.5,1.6,2.4,11.4,
286,GG Jackson II,PF,29,3,15.8,2.6,6.9,0.372,1.1,3.3,0.337,1.4,3.6,0.404,0.452,1,1.4,0.725,0.9,2.2,3.2,2.2,1.5,0.6,1.4,2.9,11.3,"DPOY-9,DEF2"
290,Nae'Qwan Tomlin,PF,5,1,12.6,2.6,6.4,0.406,0.4,2,0.2,2.2,4.4,0.5,0.438,1.6,2.2,0.727,1.8,2.4,4.2,3.8,0.8,1.1,1.7,3,11.2,
301,Jake LaRavia,PF,66,0,20.4,2.4,5.1,0.475,0.9,2.2,0.423,1.5,3,0.513,0.564,1.2,1.7,0.678,1.4,2.6,3.9,1.6,0.8,0.3,1.1,1.6,11.1,
307,Bol Bol,PF,36,10,12.4,2.7,5.1,0.525,0.9,2.6,0.344,1.8,2.5,0.711,0.612,0.6,0.7,0.769,0.6,2.3,2.9,3.9,1.1,0.4,1.2,1.6,11.1,
323,Trey Lyles,PF,69,5,19.6,2.3,5.4,0.42,1.2,3.4,0.34,1.1,2,0.559,0.528,0.8,1.2,0.7,1.2,3.4,4.6,1.7,0.6,2.4,1.5,2.2,11.1,
326,Zach Collins,PF,64,12,15.3,2.4,4.7,0.507,0.5,1.7,0.302,1.9,3.1,0.617,0.56,1.1,1.2,0.885,1.6,2.9,4.5,1.2,1,0.1,0.6,1.7,11.1,
329,KJ Martin,PF,43,16,21.2,2.6,4.7,0.552,0.3,1.3,0.259,2.2,3.3,0.671,0.59,0.9,1.1,0.787,0.7,2.2,2.9,4.4,0.9,0.2,1.3,1.5,11,
331,Sandro Mamukelashvili,PF,61,0,11.2,2.3,4.6,0.502,1,2.6,0.373,1.3,2,0.675,0.609,0.7,1,0.741,1,2,3.1,1.6,0.5,0.1,0.6,1.2,11,
332,Jeremiah Robinson-Earl,PF,66,9,18.8,2.4,5.3,0.455,0.8,2.5,0.341,1.5,2.8,0.557,0.536,0.7,0.8,0.836,1.7,3.1,4.8,2.4,0.5,0.1,1.2,1.8,11,
333,Kenrich Williams,PF,69,7,16.4,2.5,5.1,0.483,1,2.5,0.386,1.5,2.7,0.574,0.576,0.4,0.6,0.718,0.9,2.6,3.5,2.1,0.8,0.3,1.2,2.3,11,
335,Jonathan Mogbo,PF,63,18,20.4,2.5,5.7,0.438,0.3,1.1,0.243,2.2,4.5,0.486,0.462,1,1.3,0.732,1.7,3.2,4.9,1.5,0.6,0.1,1.5,1.6,10.9,
339,Jarace Walker,PF,75,5,15.8,2.3,4.8,0.472,1,2.5,0.405,1.3,2.3,0.543,0.576,0.6,0.9,0.667,0.3,2.7,3.1,2.7,0.8,0.2,1.4,2.4,10.8,
341,Mouhamed Gueye,PF,33,28,16.2,2.2,5.2,0.421,0.6,2.5,0.259,1.5,2.7,0.567,0.482,1,1.3,0.762,1.3,2.9,4.2,1.2,0.5,0.4,1,0.9,10.8,
343,Isaiah Mobley,PF,1,0,17,2,7,0.286,1,3,0.333,1,4,0.25,0.357,1,2,0.5,1,3,4,2.2,1.3,0.2,1.2,1.7,10.7,
348,Chuma Okeke,PF,9,3,21.8,2.2,4.4,0.5,1.2,3.1,0.393,1,1.3,0.75,0.638,0.2,0.3,0.667,2.3,2.9,5.2,2.8,0.8,0.3,1.3,1.8,10.7,
349,Kyle Anderson,PF,61,4,16.4,2.3,5,0.469,0.4,1.1,0.357,1.9,3.8,0.502,0.51,0.8,1.1,0.738,0.9,2.5,3.4,2.1,0.8,0.3,1.2,1.5,10.6,
352,Tidjane Salaün,PF,60,10,20.7,1.9,5.8,0.33,1,3.4,0.283,0.9,2.3,0.4,0.414,1.1,1.6,0.713,1.2,3.5,4.7,2.2,1,0.4,1.5,2.6,10.6,
353,Jaylin Williams,PF,47,9,16.7,2.1,4.7,0.439,1.3,3.3,0.399,0.8,1.4,0.529,0.577,0.5,0.6,0.767,1,4.6,5.6,2.6,0.6,0.2,1.2,1.1,10.6,
364,Jeff Green,PF,32,3,12.4,1.9,3.8,0.504,0.9,2.5,0.367,1,1.3,0.762,0.624,0.7,0.8,0.808,0.3,1.5,1.8,1.6,0.6,0.4,0.9,1.4,10.5,
365,Jonathan Isaac,PF,71,1,15.4,1.9,4.6,0.414,0.5,2.1,0.258,1.3,2.4,0.549,0.474,1,1.5,0.682,1.7,2.7,4.4,2,0.5,0.6,1.5,2.2,10.4,
366,Dean Wade,PF,59,30,21.2,1.9,4.6,0.413,1.4,3.8,0.36,0.5,0.8,0.653,0.561,0.3,0.5,0.533,0.9,3.4,4.2,1.5,0.9,0.5,0.8,2,10.4,
371,Kevin Love,PF,23,9,10.9,1.8,5,0.357,1,2.9,0.358,0.7,2.1,0.354,0.461,0.7,1,0.696,1,3.1,4.1,1.7,0.6,0.1,0.9,1.8,10.4,ROY-3
374,Jabari Walker,PF,60,1,12.5,2,3.8,0.515,0.5,1.2,0.389,1.5,2.6,0.573,0.576,0.8,1.2,0.69,1,2.5,3.5,2.3,1.1,0.8,1.8,2.9,10.4,
376,Alex Reese,PF,15,0,14.4,1.7,3.6,0.481,1,2.7,0.366,0.7,0.9,0.846,0.62,0.6,0.8,0.75,0.6,2.5,3.1,3.4,1.1,0.2,1.8,1.6,10.3,
389,Taylor Hendricks,PF,3,3,25,1.3,6,0.222,1,4,0.25,0.3,2,0.167,0.306,1,1.3,0.75,1.7,3.3,5,4.6,1.3,0.3,1.5,1.6,10.3,
390,David Roddy,PF,33,3,12.4,1.7,3.8,0.456,0.6,1.8,0.311,1.2,1.9,0.594,0.532,0.6,0.8,0.769,0.4,2.2,2.5,2.2,0.9,1.4,1.2,2.1,10.3,
400,Marvin Bagley III,PF,31,2,8.5,1.8,3.4,0.519,0.1,0.6,0.158,1.7,2.8,0.598,0.533,0.7,1.1,0.657,1.2,1.5,2.7,3.3,1.9,0.5,1.8,3.3,10.3,
405,Lamar Stevens,PF,17,1,9.1,1.7,3.7,0.46,0.5,1.6,0.296,1.2,2.1,0.583,0.524,0.5,0.6,0.727,0.2,2,2.2,2.8,1.2,0.3,1.7,3,10.3,
413,Dominick Barlow,PF,35,4,10.7,1.7,3.2,0.531,0.2,0.8,0.259,1.5,2.5,0.616,0.562,0.6,0.9,0.636,1,1.4,2.4,1.6,0.6,0.1,0.5,1.5,10.2,
415,Oso Ighodaro,PF,61,6,17.1,1.9,3.1,0.604,0,0,0,1.9,3,0.611,0.604,0.5,0.8,0.58,1.1,2.6,3.6,5.3,0.9,0.1,1.1,0.8,10.2,
425,Gui Santos,PF,56,2,13.6,1.5,3.2,0.458,0.6,1.8,0.33,0.9,1.4,0.632,0.553,0.5,0.8,0.69,1.3,1.8,3.1,2.6,0.6,0.3,1.9,2.2,10.2,
426,Jarred Vanderbilt,PF,36,2,16.1,1.6,3.4,0.488,0.3,0.9,0.281,1.4,2.5,0.562,0.525,0.6,1,0.556,1.9,3.2,5.1,0.9,0.7,0.7,0.9,2.1,10.1,
428,Nicolas Batum,PF,78,8,17.5,1.3,3.1,0.437,1.1,2.6,0.433,0.2,0.4,0.457,0.622,0.2,0.3,0.81,0.6,2.2,2.8,1.6,1.1,0.5,0.7,2.9,10.1,"DPOY-4,DEF1"
434,Olivier-Maxence Prosper,PF,52,4,11.2,1.3,3.3,0.402,0.2,1,0.235,1.1,2.4,0.472,0.437,0.9,1.5,0.645,0.8,1.6,2.4,1.6,1,0.4,1.1,2.2,10.1,
439,Markieff Morris,PF,15,2,11,1.4,4.7,0.3,0.6,2.4,0.25,0.8,2.3,0.353,0.364,0.3,0.4,0.833,0.2,1.3,1.5,0.8,1,0.4,0.9,2,10.1,
443,Jackson Rowe,PF,6,0,8.7,1.3,2.8,0.471,0.5,1.7,0.3,0.8,1.2,0.714,0.559,0.5,1,0.5,0.5,1.3,1.8,2.3,1.7,0.7,1.4,2.8,10.1,
445,JT Thor,PF,20,0,12.5,1.3,3,0.424,0.3,1.1,0.286,1,1.9,0.5,0.475,0.8,1.1,0.682,1,1.4,2.4,0.7,0.5,0.5,0.6,1.4,10,
457,Isaac Jones,PF,40,0,7.6,1.4,2.1,0.651,0.1,0.2,0.375,1.3,1.9,0.68,0.669,0.6,0.9,0.639,0.6,0.9,1.4,5,1.2,0.2,1.7,2.3,10,
462,Zeke Nnaji,PF,57,4,10.7,1.2,2.5,0.496,0.3,0.9,0.327,0.9,1.6,0.596,0.557,0.5,0.8,0.614,0.6,1,1.6,1.3,1,0.4,1.1,2.4,10,
467,Maxi Kleber,PF,34,4,18.7,1.1,2.8,0.385,0.4,1.4,0.265,0.7,1.4,0.511,0.453,0.5,0.6,0.762,0.7,2.1,2.8,2.3,1,0.3,1,1.8,9.9,
474,Tyler Smith,PF,23,0,5.3,1,2.2,0.48,0.6,1.3,0.433,0.5,0.9,0.55,0.61,0.3,0.3,0.75,0.3,0.8,1.1,1.4,0.4,0.2,1,2.5,9.9,
479,Jae Crowder,PF,9,2,11.4,0.8,2.4,0.318,0.4,1.7,0.267,0.3,0.8,0.429,0.409,0.6,0.7,0.833,0.7,1.6,2.2,1.4,0.7,0.4,0.9,1.4,9.9,
481,Hunter Tyson,PF,51,2,7.8,0.9,2.4,0.375,0.5,1.5,0.311,0.4,0.9,0.478,0.471,0.4,0.5,0.75,0.5,1,1.5,4.4,1.3,0.4,1.7,2.6,9.9,
484,Anthony Gill,PF,51,0,7.8,0.8,1.7,0.489,0.2,0.6,0.323,0.6,1.1,0.579,0.545,0.6,1,0.66,0.4,0.9,1.3,2.4,0.3,0.1,1.4,1.3,9.9,
493,Miles Norris,PF,3,0,11.7,0.7,3,0.222,0.7,2.3,0.286,0,0.7,0,0.333,0.3,0.7,0.5,0.7,2.3,3,4.4,0.7,0.3,1.7,2.3,9.8,
495,Drew Peterson,PF,25,1,7.4,0.7,1.6,0.415,0.5,1.3,0.394,0.2,0.3,0.5,0.573,0.3,0.4,0.778,0.4,1.2,1.6,1.3,0.8,0.4,0.7,1.6,9.8,
500,Enrique Freeman,PF,22,1,8.2,0.7,1.7,0.432,0,0.5,0.1,0.7,1.2,0.556,0.446,0.6,0.9,0.684,0.5,0.9,1.4,1.1,0.6,0.1,0.6,1.7,9.7,
506,Kobe Brown,PF,40,0,6.8,0.8,1.8,0.46,0.2,0.7,0.23,0.7,1.2,0.59,0.5,0.1,0.2,0.71,0.5,1.2,1.6,1.9,0.8,0.4,1.1,1.5,9.6,
511,Vlatko Čančar,PF,13,0,11,0.8,2,0.39,0.3,1.2,0.27,0.5,0.8,0.55,0.46,0,0,,0.5,2,2.5,1.9,0.7,0.3,1.4,2.4,9.6,
514,E.J. Liddell,PF,12,0,4.4,0.7,1.3,0.53,0.3,0.8,0.3,0.4,0.4,1,0.63,0.2,0.2,1,0.3,0.5,0.8,2,0.9,0.4,1.4,2,9.5,
519,Emanuel Miller,PF,6,0,4.2,0.7,1.3,0.5,0,0.2,0,0.7,1.2,0.57,0.5,0.3,0.3,1,0.7,0.7,1.3,2.9,1,0.3,0.6,1.7,9.5,
523,Jack McVeigh,PF,9,0,4.8,0.6,1.9,0.29,0.4,1.4,0.31,0.1,0.4,0.25,0.41,0,0,,0.2,0.3,0.6,1.8,0.5,0.1,1,2.1,9.5,
525,Jordan Walsh,PF,52,1,7.8,0.6,1.6,0.36,0.3,1.1,0.27,0.3,0.5,0.54,0.45,0.1,0.2,0.58,0.4,0.9,1.3,2.7,0.6,0.4,1.2,1.7,9.4,6MOY-6
526,Phillip Wheeler,PF,5,0,8.8,0.6,4.2,0.14,0,2,0,0.6,2.2,0.27,0.14,0.4,0.4,1,0.4,1.2,1.6,2.9,0.7,0.5,1.5,2.3,9.4,
538,Skal Labissière,PF,4,0,3,0.5,1,0.5,0.3,0.3,1,0.3,0.8,0.33,0.63,0,0,,0.3,0.5,0.8,3.1,1.1,0.6,1.8,2.1,9.4,
553,Ulrich Chomche,PF,7,0,4.6,0.3,0.7,0.4,0,0,,0.3,0.7,0.4,0.4,0.1,0.3,0.5,0.6,0.6,1.1,3.2,0.5,0.2,1.1,2.1,9.4,
554,James Johnson,PF,12,0,3.1,0.3,0.9,0.36,0,0.3,0,0.3,0.7,0.5,0.36,0,0.1,0,0,0.5,0.5,1.1,0.3,0.7,1.2,1.6,9.4,
569,Terry Taylor,PF,3,0,2,0,0.3,0,0,0,,0,0.3,0,0,0,0,,0.3,0,0.3,1,0.6,0.3,0.9,0.9,9.4,
1,Shai Gilgeous-Alexander,PG,76,76,34.2,11.3,21.8,0.519,2.1,5.7,0.375,9.2,16.1,0.571,0.569,7.9,8.8,0.898,0.9,4.1,5,0.9,0.2,1,1.4,2.5,9.3,
4,Luka Dončić,PG,50,50,35.4,9.2,20.5,0.45,3.5,9.6,0.368,5.7,10.9,0.522,0.536,6.2,7.9,0.782,0.8,7.4,8.2,0.9,0.6,1.1,0.9,1.7,9.3,ROY-6
8,Tyrese Maxey,PG,52,52,37.7,9.2,21,0.437,3.1,9.2,0.337,6.1,11.8,0.515,0.511,4.9,5.6,0.879,0.3,3.1,3.3,1,0.5,1.3,1.3,2.8,9.2,ROY-5
9,Cade Cunningham,PG,70,70,35,9.8,20.8,0.469,2.1,6,0.356,7.6,14.8,0.515,0.521,4.5,5.3,0.846,0.8,5.3,6.1,2,0.8,0.6,1.1,2.9,9.1,
10,Jalen Brunson,PG,65,65,35.4,9,18.5,0.488,2.3,6.1,0.383,6.7,12.4,0.539,0.551,5.7,6.9,0.821,0.4,2.5,2.9,0.9,0.5,0.5,1,2.3,9.1,
13,LaMelo Ball,PG,47,47,32,8.6,21.3,0.405,3.8,11.2,0.339,4.8,10.1,0.478,0.494,4.1,4.9,0.843,1,3.9,4.9,0.8,0.3,0.1,0.5,1.2,9.1,
14,Damian Lillard,PG,58,58,36.1,7.7,17.1,0.448,3.4,9,0.376,4.3,8.1,0.528,0.547,6.2,6.8,0.921,0.5,4.2,4.7,1.2,0.5,0.2,0.6,1.7,9.1,
18,Stephen Curry,PG,70,70,32.2,8.1,18,0.448,4.4,11.2,0.397,3.6,6.8,0.534,0.572,4,4.3,0.933,0.6,3.9,4.4,4.4,1.1,0.3,1.4,1,9.1,
23,Trae Young,PG,76,76,36,7.4,18.1,0.411,2.9,8.4,0.34,4.6,9.7,0.474,0.491,6.5,7.4,0.875,0.5,2.6,3.1,1.4,0.5,1.3,1.1,2,9.1,
28,De'Aaron Fox,PG,62,62,36.1,8.7,18.8,0.463,1.9,6.1,0.31,6.8,12.6,0.538,0.514,4.2,5.1,0.827,0.9,3.9,4.8,2.2,0.9,0.5,0.9,2,9.1,
30,Ja Morant,PG,50,50,30.4,8.1,17.8,0.454,1.8,5.7,0.309,6.3,12.1,0.523,0.504,5.3,6.4,0.824,0.7,3.4,4.1,3.7,0.7,0.2,1.3,1.6,9,
31,James Harden,PG,79,79,35.3,6.7,16.4,0.41,3,8.5,0.352,3.7,7.9,0.472,0.501,6.4,7.3,0.874,0.7,5.1,5.8,3.2,1.1,0.3,1.6,1.6,9,
39,Jamal Murray,PG,67,67,36.1,7.9,16.7,0.474,2.3,5.9,0.393,5.6,10.8,0.518,0.543,3.3,3.7,0.886,0.7,3.2,3.9,5.6,1.5,1,2.6,3.2,9,"DPOY-3,DEF1"
42,CJ McCollum,PG,56,56,32.7,7.9,17.9,0.444,3.1,8.2,0.373,4.9,9.7,0.505,0.53,2.2,3.1,0.717,0.8,3,3.8,5.2,0.7,0.7,1.5,2.2,9,
45,Darius Garland,PG,75,75,30.7,7.4,15.7,0.472,2.8,7.1,0.401,4.6,8.6,0.53,0.562,3,3.4,0.878,0.6,2.2,2.9,2.1,0.6,0.9,0.8,1.4,9,
62,Tyrese Haliburton,PG,73,73,33.6,6.5,13.8,0.473,3,7.7,0.388,3.5,6.1,0.581,0.582,2.6,3,0.851,0.6,3,3.5,1.3,0.6,0.2,0.9,2.3,9,
74,Dejounte Murray,PG,31,31,32.6,6.3,15.9,0.393,1.7,5.6,0.299,4.6,10.3,0.444,0.445,3.3,4,0.823,0.5,5.9,6.5,2,0.8,0.5,1.4,1.4,9,
76,Immanuel Quickley,PG,33,33,27.8,5.6,13.3,0.42,2.6,6.8,0.378,3,6.5,0.465,0.517,3.4,3.9,0.867,0.5,3.1,3.5,2.3,0.8,0.7,1.9,2.5,8.9,
80,Keyonte George,PG,67,35,31.5,5.4,13.7,0.391,2.6,7.6,0.343,2.8,6.1,0.449,0.485,3.5,4.3,0.818,0.4,3.4,3.8,1.1,0.6,1,0.9,1.9,8.9,
87,Jalen Suggs,PG,35,35,28.6,5.6,13.7,0.41,2.2,6.9,0.314,3.5,6.8,0.506,0.489,2.8,3.1,0.882,0.7,3.4,4,1.1,0.6,0.1,0.6,2,8.9,
101,Josh Giddey,PG,70,69,30.2,5.3,11.4,0.465,1.5,4,0.378,3.8,7.4,0.512,0.531,2.5,3.2,0.781,1.8,6.3,8.1,3.3,0.8,0.1,1.1,0.9,8.9,
106,Payton Pritchard,PG,80,3,28.4,5.1,10.8,0.472,3.2,7.8,0.407,1.9,3,0.642,0.62,0.9,1.1,0.845,1.3,2.6,3.8,1,1,0.6,0.9,1.8,8.8,
109,Tre Mann,PG,13,0,24.5,5.4,12.4,0.435,1.8,4.6,0.4,3.5,7.8,0.455,0.509,1.5,1.6,0.905,0.9,2,2.9,2,0.5,0.2,1.4,1.1,8.8,
111,Fred VanVleet,PG,60,60,35.2,4.8,12.7,0.378,2.7,7.7,0.345,2.1,5,0.43,0.483,1.9,2.3,0.81,0.5,3.2,3.7,7.4,1.3,0.3,1.6,1.8,8.8,
120,Russell Westbrook,PG,75,36,27.9,5,11.1,0.449,1.3,3.9,0.323,3.7,7.2,0.517,0.505,2.1,3.1,0.661,1.4,3.6,4.9,2.9,0.8,0.4,1.7,2.8,8.7,
122,Dennis Schröder,PG,75,49,28.1,4.5,11,0.406,1.7,4.9,0.342,2.8,6.1,0.458,0.483,2.4,2.9,0.838,0.4,2.3,2.6,1.4,0.9,0.4,0.9,2.2,8.7,
127,Malcolm Brogdon,PG,24,13,23.5,4.3,10,0.433,0.7,2.3,0.286,3.7,7.7,0.478,0.467,3.4,3.8,0.88,0.9,2.9,3.8,0.7,0.7,0.5,1.3,2.3,8.7,
128,Scoot Henderson,PG,66,10,26.7,4.3,10.4,0.419,1.6,4.5,0.354,2.8,5.9,0.469,0.496,2.4,3.1,0.767,0.8,2.2,3,1.8,1.3,0.4,0.8,1.8,8.7,
130,D'Angelo Russell,PG,58,36,25.5,4.3,11,0.39,1.9,6.2,0.314,2.3,4.8,0.489,0.479,2.1,2.5,0.834,0.3,2.4,2.8,6.3,0.9,0.2,2.9,2.1,8.7,
157,Jrue Holiday,PG,62,62,30.6,4.1,9.2,0.443,1.7,4.9,0.353,2.4,4.3,0.547,0.538,1.1,1.2,0.909,1.2,3,4.3,2.8,0.6,0.2,1.1,1.7,8.7,
160,Spencer Dinwiddie,PG,79,30,27,3.6,8.6,0.416,1.4,4.1,0.334,2.2,4.5,0.492,0.496,2.5,3.1,0.802,0.2,2.4,2.6,2.5,1,0.7,1.4,3,8.7,
171,Terry Rozier,PG,64,23,25.9,3.9,9.9,0.391,1.4,4.8,0.295,2.5,5.1,0.48,0.462,1.4,1.7,0.852,0.7,3,3.7,1.4,0.5,0.1,1.4,1.6,8.7,
178,Jose Alvarado,PG,56,23,24.4,3.6,9.3,0.392,2,5.5,0.359,1.7,3.8,0.439,0.498,1.1,1.3,0.811,0.5,1.9,2.4,2.4,0.6,1.6,1.1,2.8,8.7,
183,Tyus Jones,PG,81,58,26.8,3.8,8.4,0.448,2,5,0.414,1.7,3.5,0.496,0.57,0.6,0.7,0.895,0.5,1.9,2.4,2,0.6,0.2,1.2,1.3,8.7,
196,Scotty Pippen Jr.,PG,79,21,21.3,3.6,7.5,0.48,1.1,2.8,0.397,2.5,4.7,0.528,0.553,1.5,2.2,0.713,0.8,2.5,3.3,1,0.4,0.9,0.9,1.6,8.6,ROY-7
198,Bub Carrington,PG,82,57,30,3.7,9.1,0.401,1.7,5,0.339,2,4.2,0.475,0.493,0.8,1,0.812,0.4,3.8,4.2,2.5,0.9,0.2,1.5,1.2,8.6,
207,Cole Anthony,PG,67,22,18.4,3.4,8.1,0.424,1.1,3.3,0.353,2.3,4.9,0.471,0.494,1.4,1.7,0.823,0.7,2.4,3,1.6,0.8,0.2,1,1.8,8.6,
208,Anthony Black,PG,78,10,24.2,3.4,7.9,0.423,0.8,2.5,0.318,2.6,5.4,0.471,0.473,1.9,2.5,0.761,0.7,2.3,2.9,0.9,0.6,0.2,0.3,1.2,8.5,
219,T.J. McConnell,PG,79,1,17.9,4.1,7.9,0.519,0.2,0.6,0.306,3.9,7.3,0.537,0.531,0.7,1,0.74,0.6,1.9,2.4,1.6,0.8,0.5,0.7,1.5,8.5,
223,Marcus Smart,PG,34,7,20,3,7.6,0.393,1.4,4.1,0.348,1.5,3.4,0.448,0.488,1.6,2.1,0.761,0.5,1.6,2.1,1.1,0.7,0.1,0.6,1.4,8.4,
225,Killian Hayes,PG,6,5,27,3,7.2,0.419,1.3,3.5,0.381,1.7,3.7,0.455,0.512,1.7,2,0.833,0.8,2.2,3,2.3,0.1,0.5,1,1.1,8.4,
235,Chris Paul,PG,82,82,28,3,7.1,0.427,1.7,4.5,0.377,1.3,2.6,0.514,0.547,1,1.1,0.924,0.4,3.2,3.6,2.5,1.8,0.5,0.9,2.1,8.4,
240,Isaiah Collier,PG,71,46,25.9,3.3,7.8,0.422,0.6,2.4,0.249,2.7,5.4,0.497,0.459,1.5,2.2,0.682,0.5,2.9,3.3,2,0.8,0.2,1,1.7,8.3,
241,Dante Exum,PG,20,13,18.6,3.2,6.7,0.478,1.2,2.7,0.434,2.1,4.1,0.506,0.563,1.2,1.6,0.742,0.2,1.5,1.7,2.4,0.6,0.5,1.3,0.9,8.3,
254,Bruce Brown,PG,41,12,22.5,3.2,7.5,0.421,0.7,2,0.333,2.5,5.6,0.452,0.464,1.3,1.6,0.815,1,3,4,1,0.8,0.6,0.6,2.3,8.3,
255,Dalano Banton,PG,67,7,16.7,3,7.6,0.391,1.1,3.3,0.324,1.9,4.3,0.442,0.462,1.4,1.9,0.728,0.4,1.6,2,1.5,1.5,0.8,0.9,2.2,8.3,
258,Brandon Williams,PG,33,3,14.8,3,5.7,0.521,0.7,1.8,0.4,2.2,3.9,0.578,0.585,1.7,2,0.833,0.4,1.4,1.8,2.3,0.7,0.2,1.2,1,8.3,
259,Mike Conley,PG,71,64,24.7,2.6,6.6,0.4,1.8,4.4,0.41,0.8,2.2,0.38,0.535,1.1,1.3,0.9,0.5,2.1,2.6,4.5,1.1,0.2,1.1,1.6,8.2,
264,Davion Mitchell,PG,74,37,27.4,3,6.4,0.468,1.1,2.9,0.398,1.9,3.6,0.525,0.557,0.8,1.1,0.69,0.5,1.8,2.3,1.9,1,0.2,1,2.1,8.2,
266,Tyson Etienne,PG,7,0,21.6,2.4,7.4,0.327,1.9,6.3,0.295,0.6,1.1,0.5,0.452,1.1,1.4,0.8,0.4,0.9,1.3,1,0.3,0.7,0.6,1.5,8.2,
268,KJ Simpson,PG,36,15,23.4,2.9,8.4,0.346,0.9,3.6,0.254,2,4.8,0.415,0.4,1.1,1.4,0.82,1.1,1.9,3,1.3,0.4,0.4,0.8,2,8.1,
272,Lonzo Ball,PG,35,14,22.2,2.5,6.9,0.366,1.9,5.6,0.344,0.6,1.4,0.458,0.504,0.6,0.8,0.815,0.7,2.7,3.4,1.4,0.7,1.4,0.8,1.8,8.1,
283,Tre Jones,PG,46,9,19.7,2.8,5.2,0.538,0.4,1,0.396,2.4,4.1,0.574,0.578,1.2,1.5,0.821,0.7,1.8,2.5,4.9,1,0.2,1.7,2.5,7.9,
287,Vit Krejci,PG,57,16,20.2,2.5,5.1,0.497,1.6,3.6,0.437,1,1.5,0.64,0.651,0.6,0.8,0.711,0.4,2.4,2.7,2.1,1,0.5,1.2,1.9,7.9,
295,Jamal Shead,PG,75,11,19.6,2.7,6.7,0.405,1,3,0.323,1.8,3.7,0.47,0.476,0.7,0.9,0.768,0.4,1.1,1.5,1.7,0.4,0.1,1.1,2.4,7.9,
296,Jeff Dowtin Jr.,PG,41,3,15.1,2.7,5.6,0.487,0.7,1.7,0.4,2,3.9,0.525,0.548,0.8,1.1,0.733,0.3,1.2,1.5,1.8,0.8,0.8,1.3,2.3,7.9,
304,Cameron Payne,PG,72,5,15.1,2.5,6.2,0.401,1.3,3.6,0.363,1.2,2.6,0.453,0.506,0.7,0.8,0.907,0.2,1.3,1.4,3.1,0.9,0.2,1.6,1.6,7.8,
313,Vasilije Micić,PG,41,16,19.1,2.3,6.7,0.348,1.1,3,0.36,1.2,3.6,0.338,0.43,0.8,1,0.829,0.5,1.7,2.2,1.8,0.7,0.2,0.7,1.9,7.7,
316,Marcus Sasser,PG,57,1,14.2,2.4,5.2,0.463,1,2.7,0.382,1.4,2.5,0.549,0.561,0.8,0.9,0.843,0.3,0.9,1.2,1.1,0.5,1,1,2.5,7.7,
327,Kris Dunn,PG,74,58,24.1,2.6,5.9,0.439,1,3,0.335,1.6,2.9,0.549,0.525,0.2,0.3,0.682,0.7,2.7,3.4,2.6,0.4,0.1,1.2,1.7,7.6,
330,Gabe Vincent,PG,72,11,21.2,2.3,5.8,0.4,1.5,4.3,0.353,0.8,1.5,0.532,0.53,0.2,0.3,0.714,0.3,1,1.3,3.3,1.3,0.5,1.2,1.6,7.6,
334,Bones Hyland,PG,24,0,10,2,4.9,0.398,1.3,3.4,0.39,0.6,1.5,0.417,0.534,1,1.1,0.885,0.2,0.8,1,0.6,0.9,0.1,0.7,1.7,7.6,
336,Ryan Rollins,PG,56,19,14.6,2.4,4.8,0.487,0.9,2.1,0.408,1.5,2.7,0.55,0.577,0.6,0.8,0.8,0.4,1.6,1.9,1.3,0.6,0.3,0.7,1.7,7.5,
351,Collin Gillespie,PG,33,9,14,2.1,4.8,0.43,1.2,2.7,0.433,0.9,2.1,0.426,0.554,0.6,0.7,0.864,0.7,1.7,2.4,1.9,2.2,0.6,0.9,0.9,7.5,
356,Quenton Jackson,PG,28,7,13.6,2.1,4.4,0.475,0.5,1.4,0.375,1.5,2.9,0.524,0.537,1.1,1.4,0.775,0.5,1.1,1.6,1.5,0.5,0.1,0.5,2.2,7.4,
361,Jordan Goodwin,PG,29,5,18.7,2.2,5,0.438,0.9,2.3,0.382,1.3,2.6,0.487,0.528,0.3,0.4,0.818,1.3,2.6,3.9,1.6,1.1,0.2,1,2.4,7.4,
363,Aaron Holiday,PG,62,3,12.8,1.9,4.3,0.437,1.2,2.9,0.398,0.7,1.4,0.517,0.571,0.5,0.7,0.829,0.2,1,1.3,1.4,0.3,0.7,0.7,1.6,7.4,
367,Keaton Wallace,PG,31,5,16.2,2.1,5.2,0.401,0.9,2.6,0.329,1.2,2.6,0.475,0.485,0.4,0.4,1,0.2,1.4,1.6,3.7,1,0.1,2.1,1.5,7.3,
373,Monte Morris,PG,45,0,12.7,1.8,4.3,0.426,0.7,1.9,0.36,1.2,2.4,0.477,0.505,0.8,0.9,0.857,0.3,1.2,1.5,1.1,0.6,0.1,0.6,0.8,7.3,
380,Ben Simmons,PG,51,24,22,2.3,4.4,0.52,0,0,,2.3,4.4,0.52,0.52,0.5,0.6,0.727,0.9,3.8,4.7,1.3,0.4,0.2,0.7,0.9,7.3,
395,Rob Dillingham,PG,49,1,10.5,1.9,4.3,0.441,0.5,1.5,0.338,1.4,2.8,0.496,0.5,0.2,0.3,0.533,0.2,0.8,1,0.9,1,0.5,1.4,2.4,7.3,
403,Reggie Jackson,PG,31,1,12.4,1.7,4.3,0.391,0.8,2.4,0.338,0.9,1.9,0.458,0.485,0.2,0.3,0.778,0.3,1.1,1.4,4.2,0.8,0.2,0.8,1.2,7.2,
404,Reed Sheppard,PG,52,3,12.6,1.6,4.6,0.351,0.9,2.7,0.338,0.7,1.9,0.371,0.452,0.3,0.3,0.813,0.3,1.2,1.5,2,0.7,1.4,1,2.1,7.2,
407,Jevon Carter,PG,36,1,8.9,1.5,4.1,0.377,1,2.9,0.333,0.6,1.1,0.488,0.497,0.2,0.3,0.8,0.1,1,1.1,1.5,0.4,0.2,0.8,1.3,7.2,
429,Malachi Flynn,PG,4,0,11,1.3,3.3,0.385,0.3,1,0.25,1,2.3,0.444,0.423,1.3,1.5,0.833,0.8,1,1.8,1,0.4,0.2,1.1,1,7.2,
433,Kyle Lowry,PG,35,12,18.8,1.2,3.3,0.35,0.8,2.5,0.33,0.3,0.8,0.414,0.474,0.8,0.9,0.818,0.3,1.6,1.9,2.6,0.6,0.5,0.9,1.8,7.2,
435,Patty Mills,PG,29,0,11.1,1.2,3.3,0.375,0.9,2.6,0.347,0.3,0.7,0.476,0.51,0.4,0.5,0.929,0.1,0.6,0.8,1.5,0.7,0.2,0.5,1.7,7.2,
437,Devin Carter,PG,36,0,11,1.3,3.5,0.37,0.5,1.7,0.295,0.8,1.8,0.439,0.441,0.7,1.2,0.591,0.5,1.6,2.1,0.3,0,0,0.7,1.7,7.2,
442,Craig Porter Jr.,PG,51,1,10.1,1.4,2.7,0.514,0.4,0.9,0.438,1,1.8,0.554,0.589,0.5,0.6,0.719,0.4,0.9,1.3,0.4,0,0.2,0.4,1.8,7.2,
449,Elfrid Payton,PG,24,9,21.3,1.7,5.1,0.328,0,0.3,0.167,1.6,4.8,0.336,0.332,0.2,0.3,0.571,0.6,2.7,3.3,0.8,1.2,0.5,0.8,1.2,7.1,
451,Cory Joseph,PG,50,16,12.2,1.2,3.1,0.403,0.8,2.1,0.364,0.5,0.9,0.489,0.529,0.3,0.4,0.778,0.3,1.1,1.5,2.5,0.3,0.5,1.2,1.7,7.1,
454,Jamaree Bouyea,PG,5,1,12.4,1.2,2.4,0.5,0.2,1,0.2,1,1.4,0.714,0.542,0.8,1.2,0.667,0.2,0.8,1,0.9,0.3,0.2,0.5,1.6,7.1,
464,Delon Wright,PG,40,7,15.9,1.1,3.3,0.344,0.5,1.8,0.274,0.6,1.5,0.431,0.42,0.4,0.6,0.6,0.7,1,1.7,2.5,1.6,0.6,0.7,1.9,7.1,6MOY-8
472,Markelle Fultz,PG,21,0,8.8,1.3,3.2,0.418,0.2,0.4,0.5,1.1,2.8,0.407,0.448,0,0,1,0.3,0.7,1,4.2,0.8,0.1,1.6,2.1,7.1,
475,RayJ Dennis,PG,11,0,6.4,1,3,0.333,0.5,1.9,0.286,0.5,1.1,0.417,0.424,0.2,0.2,1,0.2,0.9,1.1,1.9,0.6,0.3,0.4,0.7,7,
478,Reece Beekman,PG,36,4,13,1,3,0.327,0.2,1.1,0.175,0.8,1.9,0.418,0.36,0.4,0.6,0.762,0.4,0.7,1.1,3.3,0.8,0.5,1.5,2.5,7,
482,Jaden Springer,PG,43,2,8.5,0.8,2.1,0.389,0.3,1.1,0.25,0.5,1,0.548,0.456,0.6,0.9,0.711,0.4,1,1.3,1,0.6,1.6,1,2.8,7,
486,Pat Spencer,PG,39,0,6.4,1.1,2.6,0.406,0.1,0.6,0.227,0.9,2,0.456,0.431,0.3,0.4,0.733,0.4,0.8,1.2,2,0.5,0.2,1.3,1.7,7,
496,TyTy Washington Jr.,PG,16,0,7.4,0.9,2.8,0.311,0.3,1.3,0.19,0.6,1.5,0.417,0.356,0.2,0.4,0.5,0.3,0.6,0.8,1.8,0.4,0.4,1.1,2.3,6.9,
497,Jordan McLaughlin,PG,46,0,6.8,0.7,1.6,0.431,0.4,1,0.413,0.3,0.6,0.462,0.563,0.4,0.5,0.773,0.1,0.5,0.7,2.4,0.9,0.3,1.3,2,6.9,
498,JD Davison,PG,16,0,5.8,0.8,2.1,0.353,0.3,1.1,0.222,0.5,1,0.5,0.412,0.3,0.4,0.714,0.1,0.7,0.8,0.8,0.6,0.5,0.5,2.2,6.9,
504,Tyler Kolek,PG,41,0,7.2,0.7,2,0.33,0.3,1.1,0.3,0.3,0.9,0.37,0.42,0.3,0.4,0.77,0.2,0.5,0.7,0.6,0.3,0.9,0.5,1.2,6.9,
515,Jahmir Young,PG,6,0,5,0.7,0.8,0.8,0.2,0.3,0.5,0.5,0.5,1,0.9,0.3,0.3,1,0.2,0.3,0.5,2.8,0.5,0.2,0.7,1.5,6.9,
522,Yuki Kawamura,PG,22,0,4.2,0.5,1.4,0.37,0.3,1,0.3,0.2,0.3,0.57,0.48,0.3,0.4,0.78,0,0.5,0.5,0.9,0.5,0.1,0.7,0.9,6.9,
528,Jazian Gortman,PG,16,0,3.6,0.6,1.4,0.39,0.3,0.7,0.36,0.3,0.8,0.42,0.48,0.1,0.3,0.5,0.1,0.3,0.3,2,1.1,0.6,1,1.8,6.8,
531,Quincy Olivari,PG,2,0,5,0.5,2.5,0.2,0.5,2.5,0.2,0,0,,0.3,0,0,,0,0,0,0.6,0.3,0.7,0.6,0.6,6.8,
540,Yuri Collins,PG,2,0,8,0.5,1.5,0.33,0,0,,0.5,1.5,0.33,0.33,0,0,,1,0.5,1.5,1.7,0.7,0.3,0.7,0.8,6.8,
541,Daniss Jenkins,PG,7,0,3.3,0.4,1.4,0.3,0.1,1,0.14,0.3,0.4,0.67,0.35,0,0.3,0,0,0.3,0.3,1,0.6,0.9,0.8,2.4,6.8,
560,Daishen Nix,PG,3,0,4.3,0,0.3,0,0,0.3,0,0,0,,0,0.3,0.7,0.5,0,1.3,1.3,1,0.9,1.2,0.7,1.6,6.7,
568,Isaiah Stevens,PG,3,0,2,0,0.7,0,0,0.3,0,0,0.3,0,0,0,0,,0,0.7,0.7,1.1,0.6,0.5,0.7,2.1,6.7,
19,LeBron James,SF,70,70,34.9,9.3,18.1,0.513,2.1,5.7,0.376,7.2,12.5,0.574,0.571,3.7,4.7,0.782,1,6.8,7.8,1.8,0.2,0.2,1.1,1.4,6.6,
22,Franz Wagner,SF,60,60,33.7,9,19.4,0.463,1.7,5.9,0.295,7.2,13.5,0.535,0.507,4.5,5.2,0.871,0.9,4.8,5.7,3.1,0.4,0,1.9,1.1,6.6,
32,Jaylen Brown,SF,63,63,34.3,8.2,17.7,0.463,1.8,5.7,0.324,6.4,12.1,0.529,0.515,3.9,5.1,0.764,1.3,4.5,5.8,1,0.8,0.7,0.8,1.4,6.6,
33,DeMar DeRozan,SF,77,77,35.9,8.1,17,0.477,1.1,3.3,0.328,7,13.7,0.513,0.509,4.9,5.7,0.857,0.6,3.2,3.9,1.7,0.4,0.6,0.7,1.2,6.6,
34,Brandon Ingram,SF,18,18,33.1,8.6,18.5,0.465,2.4,6.4,0.374,6.2,12.1,0.514,0.53,2.6,3.1,0.855,0.9,4.6,5.6,2.3,0.6,0.1,0.9,1.3,6.6,
38,Kawhi Leonard,SF,37,37,31.9,8.4,16.8,0.498,2.1,5.1,0.411,6.3,11.7,0.536,0.56,2.6,3.3,0.81,0.9,5,5.9,2,0.4,0.3,1.2,1.7,6.6,
40,Trey Murphy III,SF,53,51,35,7.2,15.8,0.454,3,8.3,0.361,4.2,7.6,0.556,0.548,3.8,4.3,0.887,0.9,4.2,5.1,0.8,0.4,0.6,0.5,1.2,6.5,
41,RJ Barrett,SF,58,58,32.2,7.9,16.9,0.468,1.8,5.3,0.35,6.1,11.7,0.522,0.523,3.4,5.4,0.63,1.1,5.3,6.3,1.1,0.5,1.6,1.1,2.8,6.5,
44,Brandon Miller,SF,27,27,34.2,7.3,18.2,0.403,3.9,10.9,0.355,3.5,7.3,0.475,0.509,2.5,2.9,0.861,0.9,3.9,4.9,0.9,0.4,0.1,0.5,0.9,6.5,
59,Jalen Johnson,SF,36,36,35.7,7.5,15.1,0.5,1.2,3.9,0.312,6.3,11.1,0.566,0.541,2.6,3.5,0.746,1.7,8.3,10,1.5,0.9,0.5,0.7,2.2,6.5,
67,Michael Porter Jr.,SF,77,77,33.7,6.9,13.6,0.504,2.5,6.4,0.395,4.4,7.3,0.599,0.596,1.9,2.5,0.768,1.8,5.2,7,1.4,0.4,0.2,0.7,1,6.5,
69,Andrew Wiggins,SF,60,60,30.7,6.3,14,0.448,2.2,5.8,0.374,4.1,8.2,0.501,0.526,3.3,4.3,0.763,1.5,3,4.5,1.2,0.6,0.3,0.6,1.2,6.5,
71,Mikal Bridges,SF,82,82,37,7.2,14.4,0.5,2,5.6,0.354,5.2,8.8,0.594,0.57,1.2,1.4,0.814,0.9,2.3,3.2,1.8,0.7,0.1,0.8,1.9,6.5,
73,Jimmy Butler,SF,55,55,31.7,5.5,10.9,0.504,0.6,1.9,0.308,4.9,9,0.546,0.531,6,7.1,0.842,2.3,3.1,5.4,1.3,0.8,0.3,0.6,1.7,6.5,
77,De'Andre Hunter,SF,64,9,27.2,5.6,11.9,0.47,2.5,6.1,0.405,3.1,5.8,0.537,0.573,3.4,4,0.846,0.7,3.3,4,1.7,0.5,0.5,0.9,2.1,6.4,
79,Deni Avdija,SF,72,54,30,5.6,11.7,0.476,1.7,4.8,0.365,3.8,7,0.552,0.55,4,5.2,0.78,1.5,5.7,7.3,2.8,1.7,0.4,1,2.7,6.4,
88,Bennedict Mathurin,SF,72,49,29.8,5.4,11.8,0.458,1.4,4,0.34,4.1,7.8,0.519,0.516,3.8,4.6,0.831,1.2,4.1,5.3,1,0.6,0.2,0.9,1.7,6.4,
94,Kelly Oubre Jr.,SF,60,57,34.6,5.8,12.4,0.47,1.2,4,0.293,4.6,8.3,0.555,0.518,2.3,3.1,0.751,1.6,4.5,6.1,1.1,0.4,0.5,0.6,2.3,6.4,
110,Amen Thompson,SF,69,42,32.2,5.6,10.1,0.557,0.4,1.3,0.275,5.3,8.8,0.599,0.575,2.4,3.6,0.684,2.8,5.4,8.2,1.4,0.7,0.2,0.6,2.1,6.4,
112,Dillon Brooks,SF,75,75,31.8,5.1,11.9,0.429,2.5,6.3,0.397,2.6,5.7,0.465,0.533,1.3,1.6,0.818,1,2.7,3.7,0.8,0.4,0.3,0.4,1,6.3,
114,Klay Thompson,SF,72,72,27.3,5,12.2,0.412,3,7.7,0.391,2,4.5,0.448,0.535,0.9,1,0.905,0.6,2.8,3.4,1.3,0.6,0.1,0.8,1.2,6.3,
121,Naji Marshall,SF,69,31,27.8,5.2,10.3,0.508,0.9,3.2,0.275,4.4,7.2,0.611,0.551,1.9,2.3,0.813,1.1,3.7,4.8,1.4,0.6,0.1,0.6,1.6,6.3,
129,Keldon Johnson,SF,77,0,23.9,4.8,10,0.482,1.1,3.6,0.318,3.7,6.4,0.573,0.538,1.9,2.5,0.773,1.5,3.4,4.8,1.3,0.8,0.2,1,1.2,6.2,
131,Zaccharie Risacher,SF,75,73,24.6,4.8,10.4,0.458,1.6,4.6,0.355,3.1,5.8,0.54,0.537,1.4,2,0.711,1.1,2.4,3.6,2.3,0.9,0.5,1.1,2.2,6.2,
137,Bilal Coulibaly,SF,59,59,33,4.5,10.6,0.421,1.1,3.8,0.281,3.4,6.8,0.5,0.472,2.3,3.1,0.746,1.5,3.4,5,1.9,0.8,0.3,0.9,1.6,6.2,
146,Aaron Nesmith,SF,45,37,25,4.3,8.4,0.507,1.9,4.3,0.431,2.4,4.1,0.587,0.617,1.6,1.8,0.913,0.8,3.1,4,1.6,1.5,0.4,1.2,2.1,6.2,
148,Khris Middleton,SF,37,21,22.8,4.3,9.1,0.475,1.3,3.6,0.361,3,5.5,0.549,0.546,1.9,2.3,0.857,0.4,3.4,3.7,1.2,0.6,0.3,0.4,1.9,6.1,
152,Corey Kispert,SF,61,0,26.3,4.2,9.3,0.451,2,5.4,0.364,2.2,3.9,0.574,0.558,1.2,1.4,0.852,0.6,2.4,3,1.5,0.7,0.3,1,1.5,6.1,
162,Duncan Robinson,SF,74,37,24.1,3.9,9,0.437,2.6,6.5,0.393,1.4,2.4,0.556,0.581,0.6,0.7,0.887,0.2,2,2.3,0.5,0.3,1.3,0.5,2.3,6,
164,Brice Sensabaugh,SF,71,15,20.2,3.9,8.4,0.459,2.2,5.2,0.422,1.7,3.2,0.52,0.59,0.9,1,0.89,0.6,2.4,3,0.8,0.8,1,0.5,1.7,6,
180,Herbert Jones,SF,20,20,32.4,3.8,8.6,0.436,1.1,3.6,0.306,2.7,5,0.53,0.5,1.7,2,0.825,1.1,2.8,3.9,1.6,0.5,1,0.4,1.6,6,
185,Keion Brooks Jr.,SF,14,6,23.7,3.8,7.8,0.486,1,3.1,0.326,2.8,4.7,0.591,0.55,1.6,2.1,0.733,0.9,3.3,4.1,5,1,1,0,3,6,
186,Luguentz Dort,SF,71,71,29.2,3.6,8.4,0.435,2.4,5.8,0.412,1.2,2.5,0.489,0.578,0.5,0.6,0.717,1.3,2.9,4.1,1.7,0.4,1.4,0.9,2.5,6,
187,Justin Edwards,SF,44,26,26.3,3.9,8.6,0.455,1.6,4.3,0.363,2.3,4.3,0.548,0.546,0.7,1,0.696,1,2.3,3.4,0,0,0,0,0,6,
188,Derrick Jones Jr.,SF,77,55,24.3,4,7.6,0.526,1,2.8,0.356,3,4.8,0.627,0.593,1.1,1.5,0.703,1.2,2.2,3.4,1.4,0.6,0,0.9,1.1,6,
189,Ausar Thompson,SF,59,48,22.5,4.2,7.8,0.535,0.2,0.8,0.224,4,7,0.572,0.547,1.5,2.4,0.641,1.9,3.3,5.1,0.3,0.4,0.2,0.4,1.2,5.9,
192,Ziaire Williams,SF,63,45,24.5,3.4,8.3,0.412,1.6,4.8,0.341,1.8,3.5,0.509,0.511,1.6,2,0.821,1,3.6,4.6,1.7,0.6,0.4,0.3,0.6,5.9,
195,Julian Champagnie,SF,82,29,23.6,3.4,8.1,0.415,2.2,5.9,0.371,1.2,2.3,0.53,0.549,1,1.1,0.904,0.8,3.1,3.9,2.4,0.7,0.5,0.6,1.3,5.9,
203,Tosan Evbuomwan,SF,28,0,23.8,3.4,7.9,0.427,0.9,2.8,0.312,2.5,5.1,0.49,0.482,2,2.6,0.753,1.1,3.1,4.3,0.9,0.4,0.2,0.7,1.3,5.9,
209,Max Strus,SF,50,37,25.5,3.3,7.5,0.442,2.3,5.9,0.386,1,1.6,0.65,0.594,0.6,0.7,0.824,1.1,3.3,4.3,2.4,0.6,0.2,0.5,0.9,5.9,
211,Cam Whitmore,SF,51,3,16.2,3.5,7.9,0.444,1.3,3.6,0.355,2.2,4.3,0.518,0.525,1.1,1.4,0.75,0.7,2.3,3,1.2,0.5,0.2,1,1.4,5.9,
217,Dalton Knecht,SF,78,16,19.2,3.3,7.1,0.461,1.6,4.4,0.376,1.7,2.8,0.594,0.576,0.8,1.1,0.762,0.5,2.3,2.8,2.6,0.5,0.6,0.7,1.7,5.9,
221,Royce O'Neale,SF,75,22,24.5,3.2,7.6,0.423,2.4,5.9,0.406,0.8,1.7,0.481,0.58,0.3,0.3,0.731,0.7,3.9,4.7,0.2,0.5,0.3,0.8,1.3,5.8,
233,Justin Champagnie,SF,62,31,21.6,3.4,6.6,0.511,1.2,3.1,0.383,2.2,3.5,0.624,0.601,0.8,1.2,0.685,1.8,3.9,5.7,0.5,0.4,1.2,1.1,2.2,5.8,
234,Svi Mykhailiuk,SF,38,13,20,3.1,7.9,0.391,1.8,5.3,0.345,1.3,2.6,0.485,0.507,0.7,0.9,0.8,0.6,1.8,2.4,1.9,0.8,0.2,0.6,1.5,5.8,
238,Oshae Brissett,SF,6,2,23.7,3.2,6.5,0.487,1,3,0.333,2.2,3.5,0.619,0.564,1.3,2.3,0.571,1.2,2.5,3.7,1.1,0.7,1.7,0.9,1.6,5.8,
246,Matas Buzelis,SF,80,31,18.9,3.2,6.9,0.454,1.2,3.3,0.361,2,3.6,0.54,0.541,1.1,1.4,0.815,0.7,2.8,3.5,0.8,0.6,0.6,0.9,1.5,5.7,
247,Jaime Jaquez Jr.,SF,66,17,20.7,3.2,7,0.461,0.6,1.8,0.311,2.7,5.2,0.513,0.501,1.6,2.2,0.754,1.3,3.1,4.4,0.6,0.3,0.1,0.8,1.1,5.7,
260,Taurean Prince,SF,80,73,27.1,2.9,6.4,0.457,1.8,4.2,0.439,1.1,2.2,0.492,0.6,0.5,0.6,0.813,0.4,3.2,3.6,0.5,0.5,0,0.4,1,5.7,
263,Peyton Watson,SF,68,18,24.4,3,6.3,0.477,0.7,2,0.353,2.3,4.3,0.534,0.533,1.4,2,0.693,0.7,2.7,3.4,1.4,1,0.4,0.9,1.5,5.6,
265,Caleb Martin,SF,45,24,27.1,2.9,6.8,0.424,0.8,2.3,0.359,2,4.5,0.458,0.485,1.4,2.2,0.622,1.2,2.8,3.9,1.8,0.4,0.1,0.7,1.2,5.5,
281,Ricky Council IV,SF,73,12,17.1,2.4,6.3,0.382,0.8,2.9,0.258,1.7,3.4,0.488,0.442,1.7,2.1,0.804,0.7,2.2,2.9,1.3,0.3,0.2,0.6,1,5.5,
285,Tristan Da Silva,SF,74,38,22,2.7,6.5,0.412,1.1,3.2,0.335,1.6,3.3,0.488,0.495,0.7,0.9,0.873,1,2.3,3.3,0.6,0.2,0.1,0.3,1,5.4,
293,Jamison Battle,SF,59,10,17.7,2.5,5.9,0.429,1.8,4.4,0.405,0.7,1.5,0.5,0.581,0.3,0.3,0.889,0.6,2.1,2.7,0.6,0.9,1.1,0.5,1.3,5.4,
302,Ryan Dunn,SF,74,44,19.1,2.8,6.4,0.43,1.1,3.6,0.311,1.7,2.9,0.577,0.516,0.3,0.5,0.487,1.2,2.4,3.6,1.3,0.7,0.3,0.4,1.7,5.4,
306,Cody Martin,SF,53,8,22.1,2.6,6.1,0.418,0.8,2.8,0.285,1.8,3.3,0.534,0.485,0.8,1.2,0.705,1,3.2,4.2,2.6,0.9,0.3,1.1,1.3,5.4,
310,Marcus Bagley,SF,10,4,25.3,2.7,6.9,0.391,0.5,3.2,0.156,2.2,3.7,0.595,0.428,0.8,1,0.8,2.3,4.7,7,1.7,0.3,0.2,0.8,0.9,5.3,
321,Haywood Highsmith,SF,74,42,24.6,2.4,5.3,0.458,1.2,3.1,0.382,1.2,2.1,0.57,0.572,0.4,0.6,0.721,1,2.4,3.4,0.6,0.6,0.2,0.6,1.2,5.3,
328,Ron Holland,SF,81,2,15.6,2.4,5.1,0.474,0.4,1.9,0.238,2,3.3,0.608,0.517,1.1,1.5,0.754,0.5,2.2,2.7,1.7,0.2,0.3,0.6,1.1,5.3,
347,Cole Swider,SF,10,0,16.9,2.2,6.3,0.349,1.5,4.7,0.319,0.7,1.6,0.438,0.468,0,0.1,0,0.5,2.2,2.7,1,0.7,0.2,0.6,0.9,5.3,
350,Simone Fontecchio,SF,75,0,16.5,2,5,0.402,1,3,0.335,1,1.9,0.507,0.504,0.9,1.1,0.833,0.7,2.2,2.9,1.3,0.6,0.2,0.3,2,5.3,
359,Dariq Whitehead,SF,20,0,12.3,2,4.8,0.406,1.7,3.7,0.446,0.3,1.1,0.273,0.578,0.2,0.3,0.6,0.2,1.3,1.5,1.6,0.4,0.1,0.5,0.5,5.2,
369,Jamal Cain,SF,37,0,13.6,1.8,4.3,0.43,0.7,2.2,0.325,1.1,2.1,0.538,0.513,0.9,1.4,0.68,0.7,1.6,2.3,0.6,0.6,0.1,0.6,1.5,5.2,
384,Jaylen Martin,SF,16,0,14.9,1.9,4.6,0.419,0.4,1.4,0.304,1.5,3.2,0.471,0.466,0.6,0.6,0.9,0.7,2.1,2.8,0.8,1,0.5,0.5,1.4,5.1,
393,Julian Phillips,SF,79,5,14.2,1.6,3.6,0.446,0.6,1.9,0.327,1,1.7,0.582,0.533,0.8,1,0.789,0.8,1.3,2.1,0.3,0.7,0.7,0.4,1.4,5.1,
396,Jett Howard,SF,60,0,11.7,1.6,4.4,0.374,0.9,3.1,0.296,0.7,1.3,0.566,0.479,0.3,0.4,0.696,0.3,0.8,1.2,1.1,0.6,0.8,1,1.9,5.1,
411,Torrey Craig,SF,26,4,12.1,1.5,3.5,0.422,0.9,2.5,0.364,0.5,0.9,0.583,0.556,0.3,0.5,0.667,1,1.8,2.8,0.8,0.9,1.1,0.6,1.5,5.1,
414,Kessler Edwards,SF,40,18,15.2,1.7,3.4,0.496,0.6,1.4,0.407,1.1,2,0.556,0.578,0.3,0.3,0.923,0.6,2.3,2.9,0.6,0.4,0.6,0.5,1.3,5,
416,Kris Murray,SF,69,6,15.1,1.7,4,0.419,0.4,1.7,0.225,1.3,2.3,0.566,0.468,0.4,0.8,0.456,1.1,1.5,2.6,5.6,0.7,0.5,2,2.1,5,
419,Maxwell Lewis,SF,28,1,11.7,1.6,3.9,0.417,0.7,1.8,0.38,0.9,2.1,0.448,0.505,0.3,0.4,0.7,0.6,1.3,2,0.8,0.2,0,0.7,0.6,5,
421,Caleb Houstan,SF,58,6,13.6,1.4,3.3,0.421,1.1,2.8,0.4,0.3,0.5,0.533,0.589,0.3,0.3,0.882,0.3,1,1.3,0.7,0.3,0.7,0.6,1.7,5,
422,Jordan Miller,SF,37,0,11.4,1.6,3.6,0.433,0.2,1,0.211,1.4,2.6,0.521,0.463,0.8,0.9,0.8,0.6,0.9,1.6,1,0,0,0,0,5,
430,Ron Harper Jr.,SF,1,0,17,1,8,0.125,0,6,0,1,2,0.5,0.125,2,2,1,4,3,7,1.1,0.6,0,0.8,0.9,4.9,
440,Emoni Bates,SF,10,0,7.5,1.3,3.8,0.342,1.1,3,0.367,0.2,0.8,0.25,0.487,0,0,,0,0.7,0.7,1,0.5,0.2,0.4,1.2,4.9,
447,Jae'Sean Tate,SF,52,2,11.3,1.3,2.8,0.473,0.3,0.9,0.348,1,2,0.529,0.527,0.6,0.9,0.681,1,1.3,2.3,1.2,1,0.3,0.7,1.2,4.9,
452,Doug McDermott,SF,42,3,8.1,1.2,2.8,0.427,1,2.4,0.436,0.1,0.4,0.375,0.615,0.1,0.1,0.6,0.1,0.5,0.5,0.9,0.3,0.2,0.5,1.2,4.8,
458,Kevin Knox,SF,14,0,6,1.3,2.6,0.5,0.3,1.1,0.267,1,1.5,0.667,0.556,0.4,0.6,0.75,0.5,0.7,1.2,1.1,0.3,0.4,0.9,2,4.7,
463,Cam Reddish,SF,33,8,17.8,1.2,2.8,0.404,0.4,1.4,0.277,0.8,1.4,0.532,0.473,0.5,0.8,0.615,0.5,1.5,2,0.7,1.7,1.3,0.7,2.7,4.7,
470,P.J. Tucker,SF,3,1,19.3,1,2.3,0.429,1,2,0.5,0,0.3,0,0.643,0,0,,1.3,1.3,2.7,1.1,0.4,0.3,0.7,0.6,4.6,
477,Keshad Johnson,SF,16,0,6.1,1.1,1.6,0.692,0.2,0.4,0.429,0.9,1.2,0.789,0.75,0.3,0.6,0.444,0.4,1.4,1.8,0.9,0.2,0.6,0.7,1,4.6,
480,Josh Minott,SF,46,0,6,1,2,0.489,0.3,0.9,0.326,0.7,1,0.638,0.567,0.4,0.4,0.895,0.3,0.8,1,1.2,0.6,0.1,0.4,1.7,4.6,
485,Dillon Jones,SF,54,3,10.2,0.9,2.5,0.383,0.3,1.2,0.254,0.6,1.3,0.5,0.444,0.3,0.5,0.607,0.6,1.7,2.2,0.5,0.5,0.3,0.3,1.4,4.6,
490,MarJon Beauchamp,SF,35,0,4.5,0.8,1.9,0.415,0.3,0.8,0.345,0.5,1,0.472,0.492,0.4,0.6,0.75,0.3,0.9,1.3,1.2,0.5,0.3,0.9,1.9,4.6,
494,Patrick Baldwin Jr.,SF,24,0,4.5,0.8,1.5,0.543,0.5,1,0.565,0.3,0.5,0.5,0.729,0.1,0.2,0.5,0.2,0.8,1,2,0.4,0,1.1,0.8,4.5,
508,Bobi Klintman,SF,8,0,5.3,0.8,1.3,0.6,0.3,0.6,0.4,0.5,0.6,0.8,0.7,0.1,0.3,0.5,0.1,0.8,0.9,0.7,0.2,0.2,0.6,1.1,4.5,
513,Trentyn Flowers,SF,6,0,4.5,0.7,1.8,0.36,0,0.3,0,0.7,1.5,0.44,0.36,0.5,0.5,1,0.2,0.5,0.7,1.6,0.6,0.5,0.5,2,4.5,
524,Armel Traoré,SF,9,0,7.4,0.7,2.1,0.32,0,0.8,0,0.7,1.3,0.5,0.32,0.2,0.8,0.29,0.2,1.4,1.7,1.8,0.4,0.6,0.8,2.1,4.5,
527,Sidy Cissoko,SF,22,0,5.2,0.6,1.4,0.43,0.1,0.6,0.23,0.5,0.8,0.59,0.48,0.1,0.4,0.33,0.4,0.6,1,1.3,0.6,0.2,0.7,1.6,4.5,
529,Kevin McCullar Jr.,SF,4,0,7.3,0.5,1.8,0.29,0,0.3,0,0.5,1.5,0.33,0.29,0.5,0.5,1,0,2,2,0.4,0.3,0.3,0.4,0.6,4.4,
530,Leonard Miller,SF,13,0,2.5,0.5,1.2,0.4,0,0.4,0,0.5,0.8,0.6,0.4,0.6,0.6,1,0.2,0.6,0.8,0.5,0.4,0.8,0.6,1.4,4.4,
532,Matt Ryan,SF,19,0,3.6,0.5,1.6,0.32,0.3,1,0.32,0.2,0.6,0.33,0.42,0.1,0.1,1,0,0.4,0.4,0.4,0.1,0.6,0.4,0.8,4.4,
533,Jacob Toppin,SF,17,0,4.5,0.5,1.3,0.41,0.3,0.6,0.5,0.2,0.7,0.33,0.52,0,0,,0.2,0.7,0.9,1.5,0.5,0.1,0.5,1.1,4.4,
535,Chris Livingston,SF,21,1,5,0.4,1.3,0.33,0,0.4,0,0.4,0.9,0.47,0.33,0.6,0.8,0.75,0.5,1.2,1.7,1.4,0.7,0.3,0.7,1,4.4,
537,Spencer Jones,SF,20,0,6.3,0.6,1.7,0.32,0.1,0.9,0.06,0.5,0.9,0.59,0.34,0.2,0.2,1,0.4,0.5,0.9,0.5,0.3,0.2,0.6,0.9,4.4,
539,Jalen Bridges,SF,8,0,3.8,0.3,0.9,0.29,0.3,0.9,0.29,0,0,,0.43,0.4,0.5,0.75,0,0.5,0.5,0.6,0.3,1,0.6,1.8,4.3,
542,Braxton Key,SF,3,0,3.7,0,1.3,0,0,0.3,0,0,1,0,0,1,2,0.5,0.3,0.3,0.7,1.1,0.4,0.1,0.3,0.4,4.3,
546,Isaiah Crawford,SF,15,0,3.1,0.3,0.7,0.46,0.1,0.3,0.2,0.3,0.4,0.67,0.5,0.1,0.3,0.5,0.1,0.5,0.5,0.8,0.4,0.4,0.8,1.3,4.3,
547,Justin Minaya,SF,19,0,5.3,0.4,1.1,0.38,0.1,0.5,0.2,0.3,0.6,0.55,0.43,0,0.1,0,0.3,0.3,0.5,1,0.2,0.2,0.5,0.8,4.3,
548,Anton Watson,SF,9,0,2.4,0.4,1,0.44,0,0.1,0,0.4,0.9,0.5,0.44,0,0,,0.1,0.2,0.3,1.6,0.5,0.5,0.7,1.8,4.3,
551,Joe Ingles,SF,19,1,6,0.3,1.2,0.26,0.2,0.8,0.2,0.2,0.4,0.38,0.33,0,0,,0.1,0.5,0.6,0.7,0.3,0.5,0.3,1.3,4.2,
552,Harrison Ingram,SF,5,0,7,0.4,0.8,0.5,0,0.2,0,0.4,0.6,0.67,0.5,0,0,,0.4,1.4,1.8,1.2,0.6,0.1,0.8,0.9,4.2,
559,Malevy Leons,SF,6,0,3.5,0,0.3,0,0,0.2,0,0,0.2,0,0,0.3,0.7,0.5,0.2,0.3,0.5,0.5,0.3,0.5,0.1,1.3,4.2,
564,Jalen McDaniels,SF,4,0,1.8,0,0,,0,0,,0,0,,,0,0,,0,0,0,1.1,0.5,0.5,0.4,1.6,4.2,
565,Riley Minix,SF,1,0,7,0,1,0,0,1,0,0,0,,0,0,0,,0,2,2,1.2,0.5,0.5,0.6,1.7,4.2,
5,Anthony Edwards,SG,79,79,36.3,9.1,20.4,0.447,4.1,10.3,0.395,5.1,10.1,0.501,0.547,5.3,6.3,0.837,0.8,4.9,5.7,1,0.5,0.2,0.6,1,4.2,
12,Devin Booker,SG,75,75,37.3,8.7,18.9,0.461,2.4,7.3,0.332,6.3,11.6,0.542,0.525,5.8,6.4,0.894,1,3.1,4.1,0.6,0.3,0.3,0.3,0.9,4.2,
16,Kyrie Irving,SG,50,50,36.1,8.9,18.9,0.473,2.9,7.2,0.401,6.1,11.7,0.517,0.549,3.9,4.3,0.916,1.2,3.6,4.8,1.4,0.4,0,0.2,0.9,4.2,
24,Donovan Mitchell,SG,71,71,31.4,8.2,18.6,0.443,3.3,8.9,0.368,5,9.7,0.512,0.531,4.2,5.1,0.823,0.8,3.7,4.5,0.7,0.3,0.3,0.5,1,4.1,
25,Cam Thomas,SG,25,23,31.2,8,18.2,0.438,2.7,7.8,0.349,5.2,10.4,0.506,0.513,5.3,6,0.881,0.6,2.7,3.3,0.7,0.9,0.1,0.2,1.5,4.1,
26,Tyler Herro,SG,77,77,35.4,8.5,17.9,0.472,3.3,8.7,0.375,5.2,9.2,0.565,0.563,3.7,4.2,0.878,0.5,4.7,5.2,0.6,0.4,0.1,0.2,1.1,4.1,
29,Zach LaVine,SG,74,74,35.2,8.4,16.5,0.511,3.2,7.2,0.446,5.2,9.3,0.562,0.609,3.2,3.9,0.825,0.3,4,4.3,0.9,0.5,0.1,0.7,0.7,4.1,
36,Norman Powell,SG,60,60,32.6,7.6,15.8,0.484,3,7.1,0.418,4.6,8.6,0.538,0.578,3.6,4.4,0.804,0.4,2.8,3.2,2.2,0.4,0.1,0.5,0.8,4.1,
37,Jalen Williams,SG,69,69,32.4,8.2,16.9,0.484,1.8,4.9,0.365,6.4,12,0.533,0.537,3.4,4.3,0.789,0.9,4.5,5.3,1,0.9,0.6,0.6,1.7,4.1,
43,Jalen Green,SG,82,82,32.9,7.4,17.5,0.423,2.9,8.1,0.354,4.6,9.5,0.482,0.505,3.3,4.1,0.813,0.5,4,4.6,1.4,0.4,0.2,0.8,1.6,4.1,
46,Jordan Poole,SG,68,68,29.4,6.7,15.5,0.432,3.5,9.1,0.378,3.3,6.4,0.51,0.544,3.6,4,0.883,0.5,2.5,3,1.1,1,0.3,0.8,1.9,4.1,
47,Coby White,SG,74,73,33.1,6.9,15.1,0.453,2.9,7.9,0.37,3.9,7.3,0.544,0.55,3.7,4.1,0.902,0.3,3.4,3.7,1.1,0.7,0.3,0.6,0.9,4,
49,Austin Reaves,SG,73,73,34.9,6.5,14.2,0.46,2.7,7.3,0.377,3.8,6.9,0.547,0.556,4.4,5,0.877,0.8,3.7,4.5,1.1,0.7,0.5,0.4,1.4,4,
53,Anfernee Simons,SG,70,70,32.7,6.8,16.1,0.426,3.1,8.5,0.363,3.8,7.6,0.496,0.521,2.5,2.8,0.902,0.4,2.3,2.7,1.8,0.8,0,1,1,4,
54,Desmond Bane,SG,69,68,32,7.1,14.8,0.484,2.4,6.1,0.392,4.8,8.7,0.548,0.565,2.6,2.9,0.894,0.9,5.2,6.1,2,0,0,0,0,4,
64,Shaedon Sharpe,SG,72,52,31.3,6.9,15.3,0.452,2,6.6,0.311,4.9,8.8,0.557,0.519,2.6,3.4,0.785,0.9,3.6,4.5,1.5,1,0.1,1,2.1,4,
66,Collin Sexton,SG,63,61,27.9,6.6,13.8,0.48,1.7,4.3,0.406,4.9,9.5,0.513,0.543,3.4,4,0.865,1,1.8,2.7,1.1,0.4,0.5,0.9,1,3.9,
72,Jaden Ivey,SG,30,30,29.9,6.3,13.8,0.46,2.1,5.1,0.409,4.2,8.6,0.49,0.536,2.8,3.9,0.733,1.3,2.8,4.1,2.7,0.9,0.3,0.6,1.8,3.9,
75,Malik Monk,SG,65,45,31.6,6.3,14.4,0.439,2.1,6.6,0.325,4.2,7.9,0.534,0.513,2.4,2.7,0.865,0.5,3.3,3.8,0.8,0.5,0.1,0.3,0.5,3.9,
78,Bradley Beal,SG,53,38,32.1,6.5,13.1,0.497,1.9,5,0.386,4.6,8.1,0.565,0.571,2.1,2.6,0.803,0.6,2.7,3.3,0.9,0.4,0.1,0.6,0.8,3.8,
82,Derrick White,SG,76,76,33.9,5.6,12.6,0.442,3.5,9.1,0.384,2.1,3.5,0.593,0.58,1.8,2.1,0.839,0.9,3.6,4.5,0.4,0.2,0.7,0.2,0.7,3.8,
83,Malik Beasley,SG,82,18,27.8,5.6,13.1,0.43,3.9,9.3,0.416,1.7,3.7,0.466,0.579,1.2,1.7,0.679,0.6,2,2.6,1.1,0.6,0.1,0.5,1.1,3.8,
84,Devin Vassell,SG,64,53,31,6.2,13.9,0.443,2.5,6.7,0.368,3.7,7.2,0.513,0.532,1.5,1.9,0.792,0.5,3.5,4,0.8,0.5,0.2,0.5,0.9,3.8,
85,Jordan Clarkson,SG,37,9,26,5.4,13.3,0.408,2.3,6.3,0.362,3.2,7.1,0.448,0.493,3.1,3.9,0.797,0.7,2.5,3.2,1.4,0.1,0.2,0.3,1.1,3.7,
90,Christian Braun,SG,79,77,33.9,6,10.4,0.58,1.1,2.8,0.397,4.9,7.6,0.648,0.634,2.2,2.7,0.827,1.2,3.9,5.2,0.8,0.1,0.1,0.2,0.4,3.7,
92,Jared McCain,SG,23,8,25.7,5.5,11.9,0.46,2.2,5.8,0.383,3.3,6.1,0.532,0.553,2.1,2.4,0.875,0.6,1.9,2.4,0.9,0.3,0.5,0.7,1.3,3.7,
97,Stephon Castle,SG,81,47,26.7,5.2,12.2,0.428,1.2,4.1,0.285,4,8.1,0.501,0.476,3.1,4.2,0.724,1.1,2.6,3.7,1.4,0.3,0.3,0.7,0.5,3.7,
100,Quentin Grimes,SG,75,37,26.8,5.1,11,0.467,2.2,5.6,0.385,3,5.4,0.552,0.565,2.2,2.9,0.757,0.8,3.5,4.3,0.7,0.7,0,0.2,0.7,3.7,
104,Gradey Dick,SG,54,54,29.4,4.9,12,0.41,2.1,6,0.35,2.8,5.9,0.47,0.498,2.5,2.9,0.858,0.8,2.8,3.6,2,0.6,0.1,0.9,0.8,3.7,
108,Dyson Daniels,SG,76,76,33.8,6,12.1,0.493,1.1,3.1,0.34,4.9,9.1,0.545,0.536,1.1,1.8,0.593,1.6,4.3,5.9,0.3,0.4,0.5,0.5,0.9,3.6,
117,Josh Hart,SG,77,77,37.6,5.2,10,0.525,1.1,3.3,0.333,4.2,6.7,0.618,0.579,2.1,2.7,0.776,2.1,7.5,9.6,1.1,0.5,0.1,0.4,0.7,3.6,
133,Ty Jerome,SG,70,3,19.9,4.6,8.8,0.516,1.6,3.6,0.439,3,5.2,0.57,0.606,1.8,2.1,0.872,0.7,1.8,2.5,0.9,0.5,0.1,0.4,1.6,3.6,
135,Lonnie Walker IV,SG,20,7,23.9,4.5,10.6,0.42,2.3,6.4,0.354,2.2,4.3,0.518,0.526,1.2,1.5,0.8,0.3,2.9,3.2,0.9,0.3,0.1,0.6,1.1,3.6,
138,Ayo Dosunmu,SG,46,26,30.3,4.8,9.8,0.492,1.3,4.1,0.328,3.5,5.7,0.612,0.561,1.3,1.7,0.785,0.6,2.9,3.5,6.9,1,0.5,2.5,1.5,3.5,
142,Caris LeVert,SG,64,3,24.9,4.4,9.4,0.467,1.7,4.4,0.373,2.7,4.9,0.552,0.556,1.7,2.4,0.71,0.6,2.5,3.2,0.3,0.2,0.1,0.3,0.7,3.5,
147,Aaron Wiggins,SG,76,26,22.9,4.7,9.6,0.488,1.7,4.5,0.383,3,5.1,0.578,0.577,1,1.2,0.831,1.1,2.8,3.9,1.4,0.5,0.1,0.4,1,3.5,
150,Donte DiVincenzo,SG,62,10,25.9,4,9.6,0.422,2.8,7.1,0.397,1.2,2.5,0.49,0.568,0.8,1,0.778,0.5,3.2,3.7,0.2,0.1,0,0.1,0.7,3.5,
151,Brandin Podziemski,SG,64,33,26.8,4.4,9.8,0.445,1.8,4.8,0.372,2.6,5,0.516,0.537,1.1,1.5,0.758,1,4.1,5.1,1.4,0.4,0.1,0.9,1.2,3.5,
156,Buddy Hield,SG,82,22,22.7,4,9.6,0.417,2.5,6.7,0.37,1.5,2.9,0.527,0.546,0.6,0.8,0.828,0.6,2.6,3.2,2,0.8,0.4,1.6,0.4,3.4,
159,Gary Trent Jr.,SG,74,9,25.6,3.8,8.9,0.431,2.4,5.9,0.416,1.4,3,0.46,0.568,1.1,1.2,0.848,0.3,2,2.3,1.1,0.2,0.5,0.8,1.6,3.4,
161,Tim Hardaway Jr.,SG,77,77,28,3.6,8.8,0.406,2.2,5.9,0.368,1.4,2.9,0.484,0.529,1.6,1.9,0.855,0.2,2.1,2.4,1.2,0.5,0.2,0.9,1.7,3.4,
165,Bogdan Bogdanović,SG,54,4,25,3.9,9.1,0.427,1.9,5.4,0.363,1.9,3.8,0.517,0.534,1.1,1.2,0.879,0.4,2.5,2.9,0.3,0.1,0.3,0.4,0.8,3.4,
166,Jordan Hawkins,SG,56,9,23.6,3.7,9.9,0.372,2,5.9,0.331,1.7,4,0.433,0.471,1.4,1.8,0.816,0.4,2.4,2.8,0.4,0.1,0.3,0.3,0.4,3.3,
167,Brandon Boston Jr.,SG,42,10,23.6,4,9.1,0.436,1.2,3.3,0.35,2.8,5.7,0.485,0.5,1.6,2,0.788,0.7,2.5,3.2,0.4,0.2,0,0.4,0.2,3.3,
169,Grayson Allen,SG,64,7,24.1,3.4,7.6,0.448,2.3,5.5,0.426,1.1,2.2,0.504,0.6,1.5,1.8,0.816,0.5,2.5,3,0.5,0.4,0.2,0.7,0.8,3.3,
170,Keon Johnson,SG,79,56,24.4,3.8,9.9,0.389,1.6,5.1,0.314,2.2,4.8,0.468,0.47,1.4,1.8,0.77,0.8,3,3.8,0.8,1,0.1,0.3,1.8,3.2,
174,Ochai Agbaji,SG,64,45,27.2,4.2,8.3,0.498,1.6,4,0.399,2.6,4.4,0.587,0.593,0.5,0.8,0.708,1,2.8,3.8,0.4,0.4,0.7,0.2,1.1,3.2,
175,Jaylen Wells,SG,79,74,25.9,3.6,8.6,0.425,1.7,5,0.352,1.9,3.6,0.525,0.527,1.4,1.7,0.822,1.1,2.3,3.4,0.7,1,0.3,0.4,1.3,3.2,
177,Kevin Porter Jr.,SG,75,4,19.8,3.9,8.7,0.449,0.7,2.4,0.311,3.2,6.3,0.501,0.492,1.7,2.3,0.769,0.6,3.1,3.7,1.9,0.9,0.3,0.6,0.6,3.1,
181,De'Anthony Melton,SG,6,2,20.2,3.7,9,0.407,2.2,5.8,0.371,1.5,3.2,0.474,0.528,0.8,1.3,0.625,1,2.3,3.3,0.5,0.1,0.3,0.4,1.4,3.1,
182,Isaiah Joe,SG,74,16,21.7,3.5,7.9,0.44,2.6,6.3,0.412,0.9,1.6,0.549,0.604,0.6,0.8,0.821,0.6,2.1,2.6,0.6,0.5,0.3,0.4,0.9,3,
191,Andrew Nembhard,SG,65,65,28.9,3.8,8.3,0.458,0.8,2.7,0.291,3,5.6,0.538,0.506,1.7,2.1,0.794,0.5,2.8,3.3,1.3,0.3,0.5,0.7,1.9,3,
193,Kevin Huerter,SG,69,31,24.3,3.7,8.8,0.425,1.9,5.7,0.338,1.8,3.1,0.587,0.535,0.5,0.7,0.714,0.4,2.5,3,0.5,1,0,1,0,3,
197,Nick Smith Jr.,SG,60,27,22.8,3.7,9.5,0.391,1.7,5.1,0.34,2,4.4,0.45,0.482,0.7,0.8,0.935,0.2,1.9,2.1,0.5,0.3,0.1,0.6,0.7,3,
199,Moses Moody,SG,74,34,22.3,3.3,7.7,0.433,1.7,4.6,0.374,1.6,3.1,0.519,0.544,1.4,1.8,0.797,0.7,1.9,2.6,0,0.3,0.3,0.3,2.7,3,
200,Amir Coffey,SG,72,13,24.3,3.3,7.1,0.471,1.4,3.4,0.409,1.9,3.7,0.529,0.57,1.6,1.8,0.891,0.4,1.8,2.2,0.8,0.2,0.2,0.3,1.3,2.9,
201,Max Christie,SG,78,36,27.3,3.2,7.6,0.427,1.5,4,0.366,1.8,3.5,0.496,0.525,1.7,1.9,0.855,0.5,2.8,3.3,1.3,0.5,0.1,0.7,0.6,2.9,
204,Miles McBride,SG,64,10,24.9,3.5,8.5,0.406,1.8,4.9,0.369,1.7,3.7,0.455,0.511,0.8,1,0.813,0.7,1.8,2.5,0.6,0.2,0.5,0.7,1.5,2.9,
206,Nickeil Alexander-Walker,SG,82,10,25.3,3.3,7.5,0.438,1.7,4.5,0.381,1.6,3,0.524,0.553,1.1,1.4,0.78,0.7,2.6,3.2,0.2,0.1,0.2,0.3,0.5,2.9,
218,A.J. Lawson,SG,26,2,18.7,3.1,7.3,0.421,1.3,3.9,0.327,1.8,3.4,0.528,0.508,1.7,2.4,0.683,0.8,2.5,3.3,1.3,0.6,0.2,0.5,0.6,2.7,
222,Jared Butler,SG,60,17,17.4,3.4,7.6,0.448,1,2.8,0.355,2.4,4.7,0.504,0.514,1.3,1.5,0.824,0.4,1.4,1.8,0.7,0.2,0,0.3,0.2,2.7,
227,Julian Strawther,SG,65,4,21.3,3.2,7.5,0.432,1.4,4.1,0.349,1.8,3.3,0.535,0.529,1.1,1.4,0.822,0.3,1.9,2.2,0.3,0.3,0.3,0.3,0.7,2.7,
231,Johnny Juzang,SG,64,18,19.8,3.2,7.4,0.429,1.8,4.9,0.376,1.3,2.5,0.534,0.554,0.7,0.8,0.849,0.7,2.2,2.9,1.8,0.9,0.1,0.6,1,2.6,
232,Luke Kennard,SG,65,11,22.6,3.2,6.6,0.478,1.7,4,0.433,1.4,2.6,0.547,0.609,0.8,0.9,0.895,0.6,2.2,2.8,0.7,0.3,0,0.4,1.1,2.6,
239,Kentavious Caldwell-Pope,SG,77,77,29.6,3.1,7.1,0.439,1.5,4.3,0.342,1.6,2.8,0.589,0.543,1.1,1.2,0.863,0.4,1.8,2.2,0.4,0.3,0.3,0.2,0.7,2.6,
242,Kyshawn George,SG,68,38,26.5,3,8,0.372,1.7,5.2,0.322,1.3,2.8,0.464,0.476,1,1.4,0.753,0.7,3.5,4.2,0.4,0.2,0.1,0.3,0.9,2.6,
243,Jaden Hardy,SG,57,3,15.9,3.2,7.3,0.435,1.3,3.5,0.386,1.8,3.8,0.479,0.527,1.1,1.5,0.698,0.2,1.4,1.6,0.8,0.6,0.1,0.4,1,2.5,
245,Tyrese Martin,SG,60,11,21.9,3.2,7.8,0.406,1.7,4.7,0.351,1.5,3.1,0.492,0.513,0.8,1,0.793,1,2.7,3.7,0.4,0.2,0.4,0.6,1.8,2.5,
248,Ja'Kobe Walter,SG,52,18,21.2,3.1,7.6,0.405,1.3,3.6,0.349,1.8,4,0.454,0.487,1.3,1.6,0.795,1.1,1.9,3.1,0.3,0.2,0,0.2,0.6,2.5,
251,Jared Rhoden,SG,14,2,16.2,3,6.2,0.483,0.9,2.8,0.308,2.1,3.4,0.625,0.552,1.6,1.8,0.88,1,2,3,1.1,0.3,0.1,0.5,1,2.5,
252,Jaylen Nowell,SG,8,0,21,3.3,9.1,0.356,1,3.4,0.296,2.3,5.8,0.391,0.411,0.9,1.4,0.636,0.8,1.8,2.5,1.2,0.4,0.1,0.5,0.5,2.5,
253,Cason Wallace,SG,68,43,27.6,3.4,7.2,0.474,1.1,3.1,0.356,2.3,4.1,0.562,0.55,0.4,0.5,0.811,1,2.3,3.4,0.3,0.4,0.2,0.2,0.5,2.4,
257,Keon Ellis,SG,80,28,24.4,2.8,5.8,0.489,1.7,4,0.433,1.1,1.8,0.615,0.639,0.9,1.1,0.849,0.8,1.9,2.7,0.4,0.2,0.4,0.3,1.2,2.4,
269,Terance Mann,SG,67,13,21.1,3.1,6.2,0.496,0.9,2.4,0.368,2.2,3.7,0.58,0.569,0.7,1,0.691,1,2,3,0.9,0.7,0.3,0.3,0.7,2.4,
271,AJ Johnson,SG,29,11,22,2.8,7.3,0.385,0.8,3.1,0.267,2,4.2,0.472,0.441,1.1,1.3,0.865,0.3,1.8,2,0.3,0.1,0,0.4,0.4,2.3,
274,Garrison Mathews,SG,47,2,17.7,2.2,5.5,0.397,1.8,4.6,0.39,0.4,0.8,0.436,0.562,1.4,1.7,0.821,0.3,1.6,1.9,0.8,0.3,0.1,0.5,0.5,2.3,
275,Matisse Thybulle,SG,15,5,20.8,2.8,5.9,0.477,1.4,3.2,0.438,1.4,2.7,0.525,0.597,0.5,1,0.467,0.9,2.5,3.5,1.1,0,0.1,0.1,0.3,2.3,
276,A.J. Green,SG,73,7,22.7,2.5,5.8,0.429,2.1,5,0.427,0.4,0.8,0.443,0.612,0.3,0.4,0.815,0.2,2.1,2.4,0,0.7,0.3,0,0,2.3,
277,Josh Green,SG,68,67,27.8,2.6,6.2,0.428,1.4,3.6,0.391,1.2,2.5,0.48,0.543,0.7,1.1,0.681,0.8,1.7,2.5,0.1,0.1,0.1,0.2,0.3,2.2,
279,Damion Baugh,SG,15,2,24.7,2.8,8.7,0.323,0.8,3.7,0.214,2,4.9,0.405,0.369,0.9,1,0.867,0.9,2.4,3.3,0.5,0.2,0.1,0.3,0.7,2.2,
280,Alec Burks,SG,49,14,17.6,2.3,5.5,0.424,1.8,4.2,0.425,0.6,1.3,0.422,0.587,0.8,1,0.776,0.3,2.2,2.5,1,0.2,0,0.2,0.3,2.2,
288,Sam Merrill,SG,71,4,19.7,2.4,6,0.406,1.9,5.2,0.372,0.5,0.8,0.625,0.567,0.4,0.4,0.966,0.5,1.7,2.2,1.1,0.3,0,0.3,0.4,2.1,
289,Daeqwon Plowden,SG,6,0,12,2.7,4.2,0.64,1.5,2.8,0.529,1.2,1.3,0.875,0.82,0.3,0.3,1,0.7,1.2,1.8,0.8,0.3,0.1,0.8,0.1,2.1,
291,Josh Okogie,SG,40,7,15.6,2.4,5.3,0.443,0.8,2.3,0.348,1.6,3,0.517,0.519,1.6,2.1,0.741,1.1,1.7,2.8,0.5,0,0,0.1,0.4,2.1,
292,Jalen Hood-Schifino,SG,15,0,21,2.5,6.5,0.378,0.9,3.1,0.304,1.5,3.5,0.442,0.449,1.2,1.4,0.857,0.2,1.6,1.8,0.4,0.1,0.1,0.3,1,2.1,
294,Alex Caruso,SG,54,3,19.3,2.6,5.8,0.446,1.1,3.1,0.353,1.5,2.7,0.556,0.541,0.8,0.9,0.824,0.7,2.2,2.9,0.4,0.4,0.2,0.2,0.8,2.1,
297,Marcus Garrett,SG,4,0,19.8,2.8,6.8,0.407,0.8,2,0.375,2,4.8,0.421,0.463,0.8,1,0.75,0.3,1.3,1.5,1,0.3,0.4,0.3,1.4,2.1,
299,Jaylen Sims,SG,6,0,18.7,2,4.7,0.429,1,2.5,0.4,1,2.2,0.462,0.536,2,2.5,0.8,0.5,0.5,1,0.6,0.4,0.2,0.4,0.1,2,
305,Antonio Reeves,SG,44,6,15,2.6,5.6,0.456,1.2,2.9,0.395,1.4,2.7,0.521,0.558,0.6,0.8,0.8,0.4,1,1.4,1.7,0.3,0.1,0.4,0.6,2,
308,Eric Gordon,SG,39,13,19.7,2.2,5.2,0.426,1.4,3.5,0.409,0.8,1.7,0.463,0.564,0.9,1.2,0.75,0.2,1,1.2,0.3,0,0,0.3,0.3,2,
311,DaQuan Jeffries,SG,47,20,22.8,2.5,6.2,0.405,1.2,3.5,0.335,1.3,2.7,0.496,0.5,0.5,0.6,0.8,0.8,2.1,2.9,0.6,0.2,0.1,0.3,0.6,1.9,
312,Lester Quiñones,SG,13,0,14.1,2.4,6,0.397,1,3.4,0.295,1.4,2.6,0.529,0.481,0.8,1,0.846,0.3,1.2,1.5,0.4,0,0.6,0.8,1.3,1.9,
317,Vince Williams Jr.,SG,27,5,18.5,2.5,6.2,0.401,1,3.5,0.274,1.5,2.7,0.569,0.479,0.7,0.9,0.792,0.8,2.8,3.6,0.9,0.3,0.1,0.1,1,1.9,
320,Seth Curry,SG,68,14,15.6,2.4,5,0.478,1.2,2.7,0.456,1.2,2.4,0.503,0.599,0.5,0.6,0.846,0.4,1.3,1.7,1.1,0.6,0.1,0.4,0.8,1.9,
322,Talen Horton-Tucker,SG,58,0,12.5,2.3,5,0.457,0.7,2.1,0.336,1.6,2.9,0.544,0.527,1.2,1.7,0.735,0.3,1.4,1.7,0.6,0.2,0.4,0.6,1.2,1.8,
324,Ajay Mitchell,SG,36,1,16.6,2.5,5.1,0.495,0.6,1.7,0.383,1.9,3.4,0.548,0.557,0.8,1,0.829,0.5,1.4,1.9,0.7,0.2,0.2,0.8,0.8,1.8,
325,Gary Payton II,SG,62,11,15,2.8,4.8,0.574,0.5,1.5,0.326,2.3,3.3,0.69,0.626,0.4,0.6,0.711,0.9,2.1,3,0.3,0.2,0.1,0.1,0.4,1.8,
337,Dru Smith,SG,14,1,19.1,2.2,4.4,0.508,1.1,2.1,0.533,1.1,2.2,0.484,0.639,0.6,0.9,0.75,0.9,1.7,2.6,0,0,0,0.2,0.7,1.8,
338,Isaac Okoro,SG,55,22,19.1,2.3,4.9,0.464,1,2.7,0.371,1.2,2.1,0.586,0.569,0.6,0.8,0.717,0.9,1.5,2.4,0.3,0.1,0.1,0.2,0.9,1.8,
346,Isaiah Wong,SG,20,0,13.3,2.1,5.3,0.39,0.7,1.7,0.394,1.4,3.6,0.389,0.452,1.3,1.7,0.735,0.7,0.9,1.6,1,0,0,0.2,0.3,1.8,
360,Landry Shamet,SG,50,0,15.2,2.1,4.6,0.461,1.2,3.1,0.397,0.9,1.5,0.595,0.596,0.2,0.4,0.667,0.2,1,1.2,0.3,0.2,0.1,0.2,0.4,1.7,
362,Shake Milton,SG,57,2,14.7,2,4.5,0.453,0.7,1.9,0.358,1.4,2.6,0.52,0.528,0.8,1,0.797,0.5,1.3,1.8,0.2,0.2,0,0.2,0.6,1.7,
368,Kobe Bufkin,SG,10,0,12.4,1.8,4.7,0.383,0.4,1.9,0.211,1.4,2.8,0.5,0.426,1.3,1.8,0.722,0.5,1.6,2.1,0.2,0,0.2,0.1,0.6,1.7,
370,Pat Connaughton,SG,41,1,14.7,2,4.3,0.469,0.6,2,0.321,1.4,2.3,0.594,0.542,0.6,0.8,0.774,0.5,2.2,2.7,0.3,0.2,0,0,0.5,1.7,
372,Ben Sheppard,SG,63,9,19.5,1.9,4.6,0.418,1.1,3.2,0.342,0.8,1.4,0.591,0.537,0.4,0.4,0.889,0.7,2.1,2.8,0.6,0.1,0.3,0.4,0.9,1.7,
375,Javonte Green,SG,68,19,18.5,1.8,4.2,0.429,0.7,2.1,0.326,1.1,2.1,0.527,0.509,0.8,1.1,0.724,0.9,2.3,3.2,0.8,0.2,0.5,0.4,1.2,1.6,
381,Malaki Branham,SG,47,0,9.1,1.9,4,0.458,0.7,1.8,0.405,1.1,2.3,0.5,0.547,0.6,0.7,0.818,0.1,0.9,1.1,0.9,0.1,0,0.2,0.4,1.6,
383,Alondes Williams,SG,1,0,4,2,2,1,1,1,1,1,1,1,1.25,0,0,,0,0,0,0.1,0,0.2,0.2,0.3,1.6,
385,Lindy Waters III,SG,52,9,15,1.8,4.8,0.369,1.2,3.6,0.344,0.5,1.2,0.444,0.498,0.2,0.2,0.727,0.4,1.7,2.1,0.1,0.4,0.2,0.3,0.7,1.6,
386,Trevelin Queen,SG,31,2,13.9,1.8,4.7,0.381,0.7,2.5,0.286,1.1,2.3,0.486,0.456,0.6,0.7,0.857,0.8,0.9,1.7,0.4,0.2,0.2,0.3,0.6,1.6,
392,Pelle Larsson,SG,55,8,14.2,1.6,3.7,0.438,0.6,1.7,0.337,1,2,0.528,0.517,0.7,1.1,0.672,0.5,1.2,1.7,0.4,0.2,0.4,0.2,0.2,1.6,
394,Cody Williams,SG,50,21,21.2,1.7,5.1,0.323,0.7,2.7,0.259,1,2.4,0.393,0.391,0.6,0.8,0.725,0.5,1.7,2.3,0.7,0.1,0,0.5,0.5,1.5,
399,Dalen Terry,SG,73,5,13.5,1.6,3.7,0.448,0.5,1.4,0.356,1.1,2.2,0.506,0.517,0.7,0.9,0.71,0.5,1.2,1.7,0.4,0.1,0.1,0.3,0.6,1.5,
409,Terrence Shannon Jr.,SG,32,1,10.6,1.7,3.6,0.482,0.3,1,0.355,1.4,2.6,0.53,0.531,0.5,0.7,0.81,0.3,1.2,1.5,0.5,0.3,0.3,0,1.5,1.5,
412,Wendell Moore Jr.,SG,36,1,13.9,1.6,3.5,0.468,0.4,1.1,0.341,1.3,2.4,0.529,0.524,0.5,0.6,0.818,0.8,1.8,2.6,0,0.2,0.1,0.2,0.2,1.5,
418,Cam Spencer,SG,25,1,10.1,1.4,3.3,0.415,0.8,2.1,0.365,0.6,1.2,0.5,0.53,0.8,0.8,1,0.5,0.7,1.2,0.5,0,0,0.5,0,1.5,
420,Jaylen Clark,SG,40,4,13.1,1.4,3,0.467,0.6,1.3,0.431,0.9,1.7,0.493,0.558,0.7,0.9,0.784,0.7,0.7,1.3,0.2,0.1,0,0.2,0.1,1.5,
423,Jalen Pickett,SG,49,4,13.6,1.6,3.7,0.428,0.8,2.1,0.396,0.8,1.6,0.468,0.539,0.1,0.2,0.75,0.3,1.1,1.4,0.4,0.1,0,0.2,0.2,1.4,
427,Colby Jones,SG,39,0,13.2,1.5,3.3,0.457,0.4,1.3,0.327,1.1,2.1,0.538,0.519,0.6,0.9,0.657,0.5,1.7,2.2,0.5,0.4,0.1,0.2,0.3,1.4,
431,Josh Richardson,SG,8,0,18.8,1.4,4.8,0.289,0.8,2.8,0.273,0.6,2,0.313,0.368,0.5,0.5,1,0.8,0.8,1.5,0.2,0.2,0,0.3,0.4,1.4,
444,Blake Wesley,SG,58,0,11.8,1.4,3.2,0.435,0.3,1,0.293,1.1,2.2,0.5,0.481,0.7,1.1,0.623,0.3,0.8,1.1,0.5,0.1,0,0.2,0.4,1.3,
446,Baylor Scheierman,SG,31,2,12.4,1.3,3.5,0.355,0.8,2.6,0.317,0.4,0.9,0.464,0.473,0.3,0.4,0.75,0.6,1.5,2.1,0.3,0.3,0.3,0.3,0.9,1.3,
448,Jaylon Tyson,SG,47,3,9.6,1.4,3.2,0.43,0.4,1.2,0.345,0.9,1.9,0.484,0.497,0.4,0.5,0.792,0.8,1.3,2,0.3,0,0,0,0.3,1.3,
456,Andre Jackson Jr.,SG,67,43,14.6,1.4,2.9,0.477,0.4,1.1,0.395,1,1.8,0.529,0.553,0.2,0.4,0.5,1,1.7,2.7,0,0,0,0.5,0,1.1,
459,Damion Lee,SG,25,0,5.8,1.1,3,0.365,0.4,1.5,0.243,0.7,1.5,0.486,0.426,0.8,0.8,0.952,0.1,0.7,0.8,2,1,0,0,2.5,1,
460,Jeenathan Williams,SG,20,0,7.4,1.4,3.1,0.435,0.3,1.3,0.231,1.1,1.8,0.583,0.484,0.3,0.4,0.625,0.3,0.4,0.7,0.4,0,0,0.1,0.3,1,
461,Elijah Harkless,SG,10,0,13.8,1.1,3.5,0.314,0.7,2.5,0.28,0.4,1,0.4,0.414,0.3,0.6,0.5,0.9,1.2,2.1,0,0.7,0,0.3,0,1,
466,Gary Harris,SG,48,3,14.8,1.1,2.8,0.383,0.8,2.1,0.356,0.3,0.7,0.469,0.519,0.1,0.3,0.583,0.4,0.9,1.3,0.2,0.1,0,0.3,0.2,1,
468,Taze Moore,SG,2,0,10,1,5,0.2,0.5,2,0.25,0.5,3,0.167,0.25,0.5,1,0.5,2,2,4,0.2,0.3,0.2,0.4,0.5,1,
469,Rayan Rupert,SG,52,0,8.8,1.1,2.7,0.408,0.3,1.1,0.271,0.8,1.6,0.506,0.465,0.4,0.6,0.767,0.5,0.8,1.3,0.7,0.1,0.1,0.7,0.5,1,
476,David Duke Jr.,SG,6,0,5.7,1,2.3,0.429,0.5,1,0.5,0.5,1.3,0.375,0.536,0.2,0.3,0.5,0.2,0.7,0.8,0.1,0.1,0.1,0.1,0.1,0.9,
487,Johnny Davis,SG,34,0,7.1,0.9,2.3,0.41,0.2,0.9,0.241,0.7,1.4,0.51,0.455,0.3,0.4,0.6,0.3,0.8,1.1,0.4,0.3,0.1,0.3,0.6,0.9,
489,John Konchar,SG,46,4,12.1,0.9,2,0.451,0.5,1.3,0.371,0.4,0.6,0.621,0.577,0.2,0.2,0.875,0.8,2.5,3.3,0.2,0.1,0,0.2,0.3,0.9,
491,Bronny James,SG,27,1,6.7,0.8,2.5,0.313,0.3,1.2,0.281,0.4,1.3,0.343,0.381,0.4,0.5,0.786,0.1,0.5,0.7,0.8,0.5,0,1,0.3,0.8,
492,Mason Jones,SG,10,0,4.5,0.9,1.8,0.5,0.1,0.8,0.125,0.8,1,0.8,0.528,0.4,0.5,0.8,0.2,0.7,0.9,0.6,0.1,0,0.1,0.3,0.8,
499,Chris Duarte,SG,17,0,4.4,0.7,1.5,0.462,0.4,0.9,0.4,0.4,0.6,0.545,0.577,0.4,0.5,0.75,0.3,0.9,1.2,1.2,0.1,0,0.5,0.6,0.8,
501,Johnny Furphy,SG,50,0,7.6,0.7,1.8,0.38,0.3,1,0.3,0.4,0.8,0.48,0.46,0.4,0.4,0.82,0.5,1,1.4,0.6,0.6,0,0.2,0.4,0.8,
503,Josh Christopher,SG,14,0,4.9,0.8,2.2,0.36,0.1,0.8,0.18,0.6,1.4,0.45,0.39,0.3,0.4,0.67,0,0.6,0.6,0.3,0,0.1,0.3,0.7,0.7,
509,Garrett Temple,SG,28,0,8.1,0.6,2.1,0.3,0.2,1,0.21,0.4,1.1,0.38,0.35,0.4,0.4,0.92,0.3,0.7,1,0.3,0,0.2,0.3,0.4,0.7,
512,Adam Flagler,SG,37,0,5.5,0.7,2.6,0.26,0.4,1.9,0.19,0.3,0.6,0.46,0.33,0,0.1,0.5,0.2,0.5,0.7,0.2,0.2,0.2,0.5,0.7,0.7,
516,Pacome Dadiet,SG,18,0,6.2,0.6,1.7,0.32,0.3,1.1,0.32,0.2,0.7,0.33,0.42,0.2,0.3,0.67,0.2,0.8,1,0.2,0.1,0.3,0.1,0.4,0.7,
517,Alex Ducas,SG,21,0,6,0.6,1.4,0.4,0.5,1,0.48,0.1,0.4,0.22,0.57,0.1,0.1,1,0.4,0.8,1.2,0,0,0,0,0,0.6,
534,Cam Christie,SG,13,0,4.5,0.5,1.8,0.29,0.2,1,0.15,0.4,0.8,0.46,0.33,0.2,0.3,0.5,0.2,0.7,0.9,0.3,0.1,0,0.3,0.5,0.4,
536,Trey Alexander,SG,24,0,4.9,0.5,1.7,0.32,0.1,0.7,0.18,0.4,1,0.42,0.35,0.1,0.2,0.75,0,0.5,0.5,0.2,0,0,0.2,0.7,0.3,
543,Bryce McGowens,SG,13,0,2.5,0.3,1.1,0.29,0,0.3,0,0.3,0.8,0.4,0.29,0.4,0.5,0.83,0.2,0.1,0.2,1,0,0,1.3,0.3,0.3,
545,Luke Travers,SG,12,0,7.3,0.4,1.7,0.25,0,0.8,0,0.4,0.9,0.46,0.25,0.2,0.2,1,0.7,1,1.7,1,0,0,0,0,0,
549,D.J. Carton,SG,4,0,8.3,0.3,1.8,0.14,0,0.8,0,0.3,1,0.25,0.14,0.3,0.3,1,0,1,1,0.5,0,0,0,1,0,
550,PJ Dozier,SG,9,0,3.9,0.2,0.3,0.67,0.2,0.3,0.67,0,0,,1,0.1,0.7,0.17,0.1,0.4,0.6,1.5,0,0,0,1,0,
556,Stanley Umude,SG,22,0,3.9,0.2,1.2,0.19,0.1,0.7,0.2,0.1,0.5,0.18,0.25,0.1,0.2,0.5,0.2,0.6,0.8,0.3,0.3,0,0,0,0,
557,Cui Yongxi,SG,5,0,2,0.2,1.4,0.14,0,0.6,0,0.2,0.8,0.25,0.14,0.2,0.4,0.5,0,0.4,0.4,0,0,0,0,0,0,
558,Tristen Newton,SG,8,0,2,0.1,1,0.13,0,0.4,0,0.1,0.6,0.2,0.13,0.1,0.1,1,0.3,0.3,0.5,1,0,0,0,0,0,
561,Terence Davis,SG,1,0,8,0,2,0,0,1,0,0,1,0,0,0,0,,0,1,1,0,0,0,0,0,0,
563,Mac McClung,SG,2,0,5,0,1,0,0,0.5,0,0,0.5,0,0,0,0,,0,0.5,0.5,0,0.3,0,0,0,0,
567,Zyon Pullin,SG,3,0,1,0,0.3,0,0,0,,0,0.3,0,0,0,0,,0,0,0,0.7,0,0,0,0,0,